{
  "block.bell.use": {
    "replace": true,
    "sounds": [
      {
        "attenuation_distance": 32,
	"name": "block/bell/bell_use01",
        "pitch": 0.93,
        "volume": 12.0
		
      },
      {
        "attenuation_distance": 32,
	"name": "block/bell/bell_use01",
        "pitch": 0.95,
        "volume": 12.0
      },
      {
        "attenuation_distance": 32,
	"name": "block/bell/bell_use01",
        "pitch": 0.97,
        "volume": 12.0
      },
      {
        "attenuation_distance": 32,
	"name": "block/bell/bell_use02",
        "pitch": 0.93,
        "volume": 12.0
      },
      {
        "attenuation_distance": 32,
	"name": "block/bell/bell_use02",
        "pitch": 0.95,
        "volume": 12.0
      },
      {
        "attenuation_distance": 32,
	"name": "block/bell/bell_use02",
        "pitch": 0.97,
        "volume": 12.0
      }
    ],
    "subtitle": "subtitles.block.bell.use"
  }
}
