{
	"credit": "Made with Blockbench",
	"textures": {
		"0": "block/hat_textures/beanieravenclaw",
		"1": "block/blue_wool",
		"2": "block/light_gray_wool",
		"particle": "block/hat_textures/beanieravenclaw"
	},
	"elements": [
		{
			"from": [3, 5, 2.5],
			"to": [13, 8, 12.5],
			"rotation": {"angle": 22.5, "axis": "x", "origin": [8, 4, 8]},
			"faces": {
				"north": {"uv": [0, 13, 10, 16], "texture": "#0"},
				"east": {"uv": [0, 13, 10, 16], "texture": "#0"},
				"south": {"uv": [0, 13, 10, 16], "texture": "#0"},
				"west": {"uv": [0, 13, 10, 16], "texture": "#0"},
				"up": {"uv": [0, 13, 10, 16], "texture": "#0"},
				"down": {"uv": [3, 3, 13, 13], "texture": "#1"}
			}
		},
		{
			"from": [3.5, 8, 3],
			"to": [12.5, 11, 12],
			"rotation": {"angle": 22.5, "axis": "x", "origin": [8, 4, 8]},
			"faces": {
				"north": {"uv": [0, 8, 9, 12], "texture": "#0"},
				"east": {"uv": [0, 8, 9, 12], "texture": "#0"},
				"south": {"uv": [0, 8, 9, 12], "texture": "#0"},
				"west": {"uv": [0, 8, 9, 12], "texture": "#0"},
				"up": {"uv": [0, 8, 9, 12], "texture": "#1"},
				"down": {"uv": [0, 8, 9, 12], "texture": "#0"}
			}
		},
		{
			"from": [6.5, 10, 6],
			"to": [9.5, 13, 9],
			"rotation": {"angle": 22.5, "axis": "x", "origin": [8, 4, 8]},
			"faces": {
				"north": {"uv": [0, 0, 3, 3], "texture": "#2"},
				"east": {"uv": [0, 0, 3, 3], "texture": "#2"},
				"south": {"uv": [0, 0, 3, 3], "texture": "#2"},
				"west": {"uv": [0, 0, 3, 3], "texture": "#2"},
				"up": {"uv": [0, 0, 3, 3], "texture": "#2"},
				"down": {"uv": [0, 0, 3, 3], "texture": "#2"}
			}
		}
	],
	"display": {
		"thirdperson_righthand": {
			"translation": [0, 0.5, 0],
			"scale": [0.5, 0.5, 0.5]
		},
		"thirdperson_lefthand": {
			"translation": [0, 0.5, 0],
			"scale": [0.5, 0.5, 0.5]
		},
		"firstperson_righthand": {
			"translation": [3, 0, 0]
		},
		"firstperson_lefthand": {
			"translation": [3, 0, 0]
		},
		"ground": {
			"translation": [0, 3, 0],
			"scale": [0.75, 0.75, 0.75]
		},
		"gui": {
			"rotation": [30, 225, 0],
			"translation": [0.5, -1, 0]
		},
		"head": {
			"translation": [0, 6.5, 0],
			"scale": [1.61, 1.61, 1.61]
		},
		"fixed": {
			"rotation": [-100, 0, 0],
			"translation": [0, -1.25, -2],
			"scale": [1.25, 1.25, 1.25]
		}
	}
}