{
	"credit": "Made with Blockbench",
	"textures": {
		"2": "block/hat_textures/bluepartyhat",
		"particle": "block/hat_textures/bluepartyhat"
	},
	"elements": [
		{
			"from": [5, 0, 5],
			"to": [11, 2, 11],
			"rotation": {"angle": 0, "axis": "y", "origin": [5, 0, 5]},
			"faces": {
				"north": {"uv": [10, 12, 16, 14], "texture": "#2"},
				"east": {"uv": [10, 12, 16, 14], "texture": "#2"},
				"south": {"uv": [10, 12, 16, 14], "texture": "#2"},
				"west": {"uv": [10, 12, 16, 14], "texture": "#2"},
				"up": {"uv": [0, 10, 6, 16], "texture": "#2"},
				"down": {"uv": [0, 10, 6, 16], "texture": "#2"}
			}
		},
		{
			"from": [5.5, 2, 5.5],
			"to": [10.5, 4, 10.5],
			"rotation": {"angle": 0, "axis": "y", "origin": [5, 2, 5]},
			"faces": {
				"north": {"uv": [11, 13, 16, 15], "texture": "#2"},
				"east": {"uv": [11, 13, 16, 15], "texture": "#2"},
				"south": {"uv": [11, 13, 16, 15], "texture": "#2"},
				"west": {"uv": [11, 13, 16, 15], "texture": "#2"},
				"up": {"uv": [1, 10, 6, 15], "texture": "#2"},
				"down": {"uv": [0, 11, 5, 16], "texture": "#2"}
			}
		},
		{
			"from": [6, 4, 6],
			"to": [10, 6, 10],
			"rotation": {"angle": 0, "axis": "y", "origin": [5, 4, 5]},
			"faces": {
				"north": {"uv": [12, 14, 16, 16], "texture": "#2"},
				"east": {"uv": [12, 14, 16, 16], "texture": "#2"},
				"south": {"uv": [12, 14, 16, 16], "texture": "#2"},
				"west": {"uv": [12, 14, 16, 16], "texture": "#2"},
				"up": {"uv": [0, 11, 4, 15], "texture": "#2"},
				"down": {"uv": [2, 12, 6, 16], "texture": "#2"}
			}
		},
		{
			"from": [6.5, 6, 6.5],
			"to": [9.5, 8, 9.5],
			"rotation": {"angle": 0, "axis": "y", "origin": [5, 6, 5]},
			"faces": {
				"north": {"uv": [11, 14, 14, 16], "texture": "#2"},
				"east": {"uv": [11, 14, 14, 16], "texture": "#2"},
				"south": {"uv": [11, 14, 14, 16], "texture": "#2"},
				"west": {"uv": [11, 14, 14, 16], "texture": "#2"},
				"up": {"uv": [3, 11, 6, 14], "texture": "#2"},
				"down": {"uv": [0, 13, 3, 16], "texture": "#2"}
			}
		},
		{
			"from": [7, 8, 7],
			"to": [9, 10, 9],
			"rotation": {"angle": 0, "axis": "y", "origin": [5, 8, 5]},
			"faces": {
				"north": {"uv": [12, 12, 14, 14], "texture": "#2"},
				"east": {"uv": [12, 12, 14, 14], "texture": "#2"},
				"south": {"uv": [12, 12, 14, 14], "texture": "#2"},
				"west": {"uv": [12, 12, 14, 14], "texture": "#2"},
				"up": {"uv": [0, 11, 2, 13], "texture": "#2"},
				"down": {"uv": [3, 14, 5, 16], "texture": "#2"}
			}
		},
		{
			"from": [7.5, 10, 7.5],
			"to": [8.5, 11.75, 8.5],
			"rotation": {"angle": 0, "axis": "y", "origin": [5, 10, 5]},
			"faces": {
				"north": {"uv": [14, 11, 15, 12.75], "texture": "#2"},
				"east": {"uv": [13, 12.25, 14, 14], "rotation": 180, "texture": "#2"},
				"south": {"uv": [14, 11, 15, 12.75], "texture": "#2"},
				"west": {"uv": [13, 12.25, 14, 14], "rotation": 180, "texture": "#2"},
				"up": {"uv": [10, 4, 11, 5], "texture": "#2"},
				"down": {"uv": [10, 10, 11, 11], "texture": "#2"}
			}
		}
	],
	"display": {
		"thirdperson_righthand": {
			"translation": [0, 1.25, -0.75],
			"scale": [0.75, 0.75, 0.75]
		},
		"thirdperson_lefthand": {
			"translation": [0, 1.25, -0.75],
			"scale": [0.75, 0.75, 0.75]
		},
		"firstperson_righthand": {
			"translation": [3.25, 5, 0],
			"scale": [0.8, 0.8, 0.8]
		},
		"firstperson_lefthand": {
			"translation": [3.25, 5, 0],
			"scale": [0.8, 0.8, 0.8]
		},
		"ground": {
			"rotation": [10, 0, 15],
			"translation": [-1.5, 6.5, 1]
		},
		"gui": {
			"rotation": [5, 5, 25],
			"translation": [-1.75, 2.75, 0],
			"scale": [1.15, 1.15, 1.15]
		},
		"head": {
			"translation": [0, 15.75, 0],
			"scale": [1.2, 1.2, 1.2]
		},
		"fixed": {
			"rotation": [-2, 3, 15],
			"translation": [-1.25, 3.75, 0],
			"scale": [1.5, 1.5, 1.5]
		}
	}
}