{
	"credit": "GreatCow",
	"textures": {
		"1": "block/hat_textures/tophatblacksmall",
		"2": "block/hat_textures/wizardhatblack"
	},
	"elements": [
		{
			"from": [6, 4, 5],
			"to": [10, 10, 11],
			"rotation": {"angle": 0, "axis": "x", "origin": [0, 13, 13]},
			"faces": {
				"north": {"uv": [0, 0, 4, 6], "texture": "#2"},
				"east": {"uv": [0, 0, 6, 6], "texture": "#2"},
				"south": {"uv": [0, 0, 4, 6], "texture": "#2"},
				"west": {"uv": [0, 0, 6, 6], "texture": "#2"},
				"up": {"uv": [0, 0, 4, 6], "texture": "#2"},
				"down": {"uv": [0, 0, 4, 6], "texture": "#1"}
			}
		},
		{
			"from": [6, 0, 10],
			"to": [10, 4, 11],
			"rotation": {"angle": 0, "axis": "x", "origin": [0, 15, 13]},
			"faces": {
				"north": {"uv": [0, 0, 4, 4], "texture": "#2"},
				"east": {"uv": [0, 0, 1, 4], "texture": "#2"},
				"south": {"uv": [0, 0, 4, 4], "texture": "#2"},
				"west": {"uv": [0, 0, 1, 4], "texture": "#2"},
				"up": {"uv": [0, 0, 4, 1], "texture": "#2"},
				"down": {"uv": [0, 0, 4, 1], "texture": "#2"}
			}
		},
		{
			"from": [6, 0, 5],
			"to": [10, 4, 6],
			"rotation": {"angle": 0, "axis": "x", "origin": [0, 15, 13]},
			"faces": {
				"north": {"uv": [0, 0, 4, 4], "texture": "#2"},
				"east": {"uv": [0, 0, 1, 4], "texture": "#2"},
				"south": {"uv": [0, 0, 4, 4], "texture": "#2"},
				"west": {"uv": [0, 0, 1, 4], "texture": "#2"},
				"up": {"uv": [0, 0, 4, 1], "texture": "#2"},
				"down": {"uv": [0, 0, 4, 1], "texture": "#2"}
			}
		},
		{
			"from": [10, 0, 6],
			"to": [11, 11, 10],
			"rotation": {"angle": 0, "axis": "x", "origin": [0, 13, 13]},
			"faces": {
				"north": {"uv": [0, 0, 1, 11], "texture": "#2"},
				"east": {"uv": [0, 0, 11, 4], "rotation": 90, "texture": "#2"},
				"south": {"uv": [0, 0, 1, 11], "texture": "#2"},
				"west": {"uv": [0, 0, 11, 4], "rotation": 90, "texture": "#2"},
				"up": {"uv": [0, 0, 1, 4], "texture": "#2"},
				"down": {"uv": [0, 0, 1, 4], "texture": "#2"}
			}
		},
		{
			"from": [5, 0, 6],
			"to": [6, 11, 10],
			"rotation": {"angle": 0, "axis": "x", "origin": [0, 13, 13]},
			"faces": {
				"north": {"uv": [0, 0, 1, 11], "texture": "#2"},
				"east": {"uv": [5, 0, 16, 4], "rotation": 90, "texture": "#2"},
				"south": {"uv": [0, 0, 1, 11], "texture": "#2"},
				"west": {"uv": [1, 0, 12, 4], "rotation": 90, "texture": "#2"},
				"up": {"uv": [0, 0, 1, 4], "texture": "#2"},
				"down": {"uv": [0, 0, 1, 4], "texture": "#2"}
			}
		},
		{
			"from": [6, 11, 1],
			"to": [10, 13, 2],
			"rotation": {"angle": 0, "axis": "x", "origin": [0, 13, 13]},
			"faces": {
				"north": {"uv": [0, 0, 4, 2], "texture": "#2"},
				"east": {"uv": [0, 0, 1, 2], "texture": "#2"},
				"south": {"uv": [0, 0, 4, 2], "texture": "#2"},
				"west": {"uv": [0, 0, 1, 2], "texture": "#2"},
				"up": {"uv": [0, 0, 4, 1], "texture": "#2"},
				"down": {"uv": [0, 0, 4, 1], "texture": "#2"}
			}
		},
		{
			"from": [6, 10, 2],
			"to": [10, 11, 11],
			"rotation": {"angle": 0, "axis": "x", "origin": [0, 13, 13]},
			"faces": {
				"north": {"uv": [0, 0, 4, 1], "texture": "#2"},
				"east": {"uv": [0, 0, 9, 1], "texture": "#2"},
				"south": {"uv": [0, 0, 4, 1], "texture": "#2"},
				"west": {"uv": [0, 0, 9, 1], "texture": "#2"},
				"up": {"uv": [0, 0, 4, 9], "texture": "#2"},
				"down": {"uv": [0, 0, 4, 9], "texture": "#2"}
			}
		},
		{
			"from": [5, 11, 2],
			"to": [11, 13, 11],
			"rotation": {"angle": 0, "axis": "x", "origin": [0, 13, 13]},
			"faces": {
				"north": {"uv": [0, 0, 6, 2], "texture": "#2"},
				"east": {"uv": [0, 0, 9, 2], "texture": "#2"},
				"south": {"uv": [0, 0, 6, 2], "texture": "#2"},
				"west": {"uv": [0, 0, 9, 2], "texture": "#2"},
				"up": {"uv": [0, 0, 6, 9], "texture": "#2"},
				"down": {"uv": [0, 0, 6, 9], "texture": "#2"}
			}
		},
		{
			"from": [6, 11, 11],
			"to": [10, 13, 12],
			"rotation": {"angle": 0, "axis": "x", "origin": [0, 13, 13]},
			"faces": {
				"north": {"uv": [0, 0, 4, 2], "texture": "#2"},
				"east": {"uv": [0, 0, 1, 2], "texture": "#2"},
				"south": {"uv": [0, 0, 4, 2], "texture": "#2"},
				"west": {"uv": [0, 0, 1, 2], "texture": "#2"},
				"up": {"uv": [0, 0, 4, 1], "texture": "#2"},
				"down": {"uv": [0, 0, 4, 1], "texture": "#2"}
			}
		},
		{
			"from": [6.5, 10, 11],
			"to": [9.5, 11, 12],
			"rotation": {"angle": 0, "axis": "x", "origin": [0, 13, 13]},
			"faces": {
				"north": {"uv": [0, 0, 3, 1], "texture": "#2"},
				"east": {"uv": [0, 0, 1, 1], "texture": "#2"},
				"south": {"uv": [0, 0, 3, 1], "texture": "#2"},
				"west": {"uv": [0, 0, 1, 1], "texture": "#2"},
				"up": {"uv": [0, 0, 3, 1], "texture": "#2"},
				"down": {"uv": [0, 0, 3, 1], "texture": "#2"}
			}
		},
		{
			"from": [6.5, 9, 4],
			"to": [9.5, 10, 5],
			"rotation": {"angle": 0, "axis": "x", "origin": [0, 13, 13]},
			"faces": {
				"north": {"uv": [0, 0, 3, 1], "texture": "#2"},
				"east": {"uv": [0, 0, 1, 1], "texture": "#2"},
				"south": {"uv": [0, 0, 3, 1], "texture": "#2"},
				"west": {"uv": [0, 0, 1, 1], "texture": "#2"},
				"up": {"uv": [0, 0, 3, 1], "texture": "#2"},
				"down": {"uv": [0, 0, 3, 1], "texture": "#2"}
			}
		},
		{
			"from": [7, 10, 1],
			"to": [9, 11, 2],
			"rotation": {"angle": 0, "axis": "x", "origin": [0, 13, 13]},
			"faces": {
				"north": {"uv": [0, 0, 2, 1], "texture": "#2"},
				"east": {"uv": [0, 0, 1, 1], "texture": "#2"},
				"south": {"uv": [0, 0, 2, 1], "texture": "#2"},
				"west": {"uv": [0, 0, 1, 1], "texture": "#2"},
				"up": {"uv": [0, 0, 2, 1], "texture": "#2"},
				"down": {"uv": [0, 0, 2, 1], "texture": "#2"}
			}
		}
	],
	"display": {
		"thirdperson_righthand": {
			"rotation": [0, 0, 180],
			"translation": [0, -1.5, 1],
			"scale": [0.55, 0.55, 0.55]
		},
		"thirdperson_lefthand": {
			"rotation": [0, 0, 180],
			"translation": [0, -1.5, 1],
			"scale": [0.55, 0.55, 0.55]
		},
		"firstperson_righthand": {
			"rotation": [0, 5, 180],
			"translation": [2.63, 1.45, 1.13],
			"scale": [0.68, 0.68, 0.68]
		},
		"firstperson_lefthand": {
			"rotation": [0, 5, 180],
			"translation": [2.63, 1.45, 1.13],
			"scale": [0.68, 0.68, 0.68]
		},
		"ground": {
			"rotation": [180, 0, 0],
			"translation": [0, 1.5, 0]
		},
		"gui": {
			"rotation": [30, 225, 0],
			"translation": [0, 1, 0]
		},
		"head": {
			"rotation": [-3, 0, 0],
			"translation": [0, 20.25, -0.75],
			"scale": [1.8, 1.8, 1.8]
		},
		"fixed": {
			"rotation": [90, 180, 0],
			"translation": [0, 2, -8],
			"scale": [1.6, 1.6, 1.6]
		}
	}
}