{
	"credit": "Made with Blockbench",
	"texture_size": [64, 64],
	"textures": {
		"0": "block/hat_textures/buic/de34b8e04b6abc0a",
		"1": "block/hat_textures/devilhorns",
		"particle": "block/hat_textures/buic/de34b8e04b6abc0a"
	},
	"elements": [
		{
			"from": [5.5, 0, 1.25],
			"to": [10.5, 2, 4],
			"faces": {
				"north": {"uv": [5.5, 6.75, 6, 8], "rotation": 270, "texture": "#0"},
				"east": {"uv": [2, 4, 2.6875, 4.5], "texture": "#0"},
				"south": {"uv": [0, 0, 1.25, 0.5], "texture": "#0"},
				"west": {"uv": [12.25, 4.5, 12.9375, 5], "texture": "#0"},
				"up": {"uv": [10.5, 0.75, 11.1875, 2], "rotation": 90, "texture": "#0"},
				"down": {"uv": [10.5, 1, 11.1875, 2.25], "rotation": 270, "texture": "#0"}
			}
		},
		{
			"from": [6, 0.25, 0.5],
			"to": [10, 2, 1.5],
			"faces": {
				"north": {"uv": [10.5, 0.75, 11.5, 1.1875], "texture": "#0"},
				"east": {"uv": [5.25, 7, 5.5, 7.4375], "texture": "#0"},
				"south": {"uv": [0, 0, 1, 0.4375], "texture": "#0"},
				"west": {"uv": [5.5, 12.75, 5.75, 13.1875], "texture": "#0"},
				"up": {"uv": [10.5, 1.5, 11.5, 1.75], "texture": "#0"},
				"down": {"uv": [10.5, 2, 11.5, 2.25], "texture": "#0"}
			}
		},
		{
			"from": [9.75, -0.5, 0.75],
			"to": [10.25, 0.5, 1.25],
			"faces": {
				"north": {"uv": [9, 4, 9.975, 6], "rotation": 180, "texture": "#1"},
				"east": {"uv": [13, 2, 13.975, 4], "rotation": 180, "texture": "#1"},
				"south": {"uv": [10, 4, 10.975, 6], "rotation": 180, "texture": "#1"},
				"west": {"uv": [7, 3, 7.975, 5], "rotation": 180, "texture": "#1"},
				"up": {"uv": [12, 1, 13.025, 2.025], "texture": "#1"},
				"down": {"uv": [11, 2, 12.025, 3.025], "texture": "#1"}
			}
		},
		{
			"from": [5.75, -0.5, 0.75],
			"to": [6.25, 0.5, 1.25],
			"rotation": {"angle": 0, "axis": "y", "origin": [6, 0, 1]},
			"faces": {
				"north": {"uv": [10, 4, 10.975, 6], "rotation": 180, "texture": "#1"},
				"east": {"uv": [7, 3, 7.975, 5], "rotation": 180, "texture": "#1"},
				"south": {"uv": [9, 4, 9.975, 6], "rotation": 180, "texture": "#1"},
				"west": {"uv": [13, 2, 13.975, 4], "rotation": 180, "texture": "#1"},
				"up": {"uv": [12, 1, 13.025, 2.025], "rotation": 180, "texture": "#1"},
				"down": {"uv": [11, 2, 12.025, 3.025], "rotation": 180, "texture": "#1"}
			}
		},
		{
			"from": [6, 2, 1.5],
			"to": [10, 2.5, 4],
			"faces": {
				"north": {"uv": [4.5, 15.5, 5.5, 15.625], "texture": "#0"},
				"east": {"uv": [13.5, 5.5, 14.125, 5.625], "rotation": 180, "texture": "#0"},
				"south": {"uv": [0, 0, 1, 0.125], "texture": "#0"},
				"west": {"uv": [7.5, 2.5, 8.125, 2.625], "texture": "#0"},
				"up": {"uv": [4.5, 3.5, 5.5, 4.125], "texture": "#0"},
				"down": {"uv": [0, 0, 1, 0.625], "texture": "#0"}
			}
		},
		{
			"from": [7, 2, 1],
			"to": [9, 2.5, 1.5],
			"faces": {
				"north": {"uv": [10.75, 3.5, 11.25, 3.625], "texture": "#0"},
				"east": {"uv": [0, 0, 0.125, 0.125], "texture": "#0"},
				"south": {"uv": [0, 0, 0.5, 0.125], "texture": "#0"},
				"west": {"uv": [0, 0, 0.125, 0.125], "texture": "#0"},
				"up": {"uv": [10.75, 2.75, 11.25, 2.875], "texture": "#0"},
				"down": {"uv": [0, 0, 0.5, 0.125], "texture": "#0"}
			}
		},
		{
			"from": [6, 2, 0.75],
			"to": [7, 2.5, 1.5],
			"faces": {
				"north": {"uv": [5.75, 7.5, 6, 7.625], "texture": "#0"},
				"east": {"uv": [13.5, 7.75, 13.6875, 7.875], "texture": "#0"},
				"south": {"uv": [0, 0, 0.25, 0.125], "texture": "#0"},
				"west": {"uv": [6, 7.75, 6.1875, 7.875], "texture": "#0"},
				"up": {"uv": [6, 7.5, 6.25, 7.6875], "texture": "#0"},
				"down": {"uv": [0, 0, 0.25, 0.1875], "texture": "#0"}
			}
		},
		{
			"from": [9, 2, 0.75],
			"to": [10, 2.5, 1.5],
			"faces": {
				"north": {"uv": [5.75, 7.5, 6, 7.625], "texture": "#0"},
				"east": {"uv": [6.25, 7.75, 6.4375, 7.875], "texture": "#0"},
				"south": {"uv": [0, 0, 0.25, 0.125], "texture": "#0"},
				"west": {"uv": [5.25, 7.5, 5.4375, 7.625], "texture": "#0"},
				"up": {"uv": [6, 7.5, 6.25, 7.6875], "texture": "#0"},
				"down": {"uv": [0, 0, 0.25, 0.1875], "texture": "#0"}
			}
		},
		{
			"from": [9.5, 7, 10],
			"to": [11.5, 12, 12],
			"rotation": {"angle": 22.5, "axis": "x", "origin": [11, 8, 11]},
			"faces": {
				"north": {"uv": [6, 2, 8, 7], "texture": "#1"},
				"east": {"uv": [12, 2, 14, 7], "texture": "#1"},
				"south": {"uv": [3, 2, 5, 7], "texture": "#1"},
				"west": {"uv": [9, 2, 11, 7], "texture": "#1"},
				"up": {"uv": [10, 0, 12, 2], "texture": "#1"},
				"down": {"uv": [0, 0, 0.5, 0.5], "texture": "#1"}
			}
		},
		{
			"from": [4.5, 7, 10],
			"to": [6.5, 12, 12],
			"rotation": {"angle": 22.5, "axis": "x", "origin": [11, 8, 11]},
			"faces": {
				"north": {"uv": [4, 2, 6, 7], "texture": "#1"},
				"east": {"uv": [10, 2, 12, 7], "texture": "#1"},
				"south": {"uv": [1, 2, 3, 7], "texture": "#1"},
				"west": {"uv": [7, 2, 9, 7], "texture": "#1"},
				"up": {"uv": [6, 0, 8, 2], "texture": "#1"},
				"down": {"uv": [0, 0, 0.5, 0.5], "texture": "#1"}
			}
		},
		{
			"from": [10, 5.75, 9.25],
			"to": [14, 7.75, 11.25],
			"rotation": {"angle": -22.5, "axis": "y", "origin": [11, 8, 11]},
			"faces": {
				"north": {"uv": [6, 5, 8, 9], "rotation": 270, "texture": "#1"},
				"east": {"uv": [7, 0, 9, 2], "rotation": 90, "texture": "#1"},
				"south": {"uv": [3, 5, 5, 9], "rotation": 90, "texture": "#1"},
				"west": {"uv": [0, 0, 0.5, 0.5], "rotation": 90, "texture": "#1"},
				"up": {"uv": [9, 5, 11, 9], "rotation": 90, "texture": "#1"},
				"down": {"uv": [12, 5, 14, 9], "rotation": 90, "texture": "#1"}
			}
		},
		{
			"from": [2, 5.75, 9.25],
			"to": [6, 7.75, 11.25],
			"rotation": {"angle": 22.5, "axis": "y", "origin": [5, 8, 11]},
			"faces": {
				"north": {"uv": [5, 5, 7, 9], "rotation": 90, "texture": "#1"},
				"east": {"uv": [0, 0, 0.5, 0.5], "rotation": 90, "texture": "#1"},
				"south": {"uv": [8, 5, 10, 9], "rotation": 270, "texture": "#1"},
				"west": {"uv": [13, 0, 15, 2], "rotation": 90, "texture": "#1"},
				"up": {"uv": [11, 5, 13, 9], "rotation": 270, "texture": "#1"},
				"down": {"uv": [14, 5, 16, 9], "rotation": 270, "texture": "#1"}
			}
		}
	],
	"display": {
		"thirdperson_righthand": {
			"translation": [0, 0, 2.25],
			"scale": [0.51, 0.51, 0.51]
		},
		"thirdperson_lefthand": {
			"translation": [0, 0, 2.25],
			"scale": [0.51, 0.51, 0.51]
		},
		"firstperson_righthand": {
			"translation": [1, 2.5, 0],
			"scale": [0.45, 0.45, 0.45]
		},
		"firstperson_lefthand": {
			"translation": [1, 2.5, 0],
			"scale": [0.45, 0.45, 0.45]
		},
		"ground": {
			"translation": [0, 8, 0]
		},
		"head": {
			"translation": [0, 6.5, 0],
			"scale": [1.59, 1.59, 1.59]
		},
		"fixed": {
			"rotation": [-56, 0, 0],
			"translation": [0, 2.75, -3.75],
			"scale": [1.1, 1.1, 1.1]
		}
	}
}