{
	"credit": "Made with Blockbench",
	"texture_size": [32, 32],
	"textures": {
		"0": "block/hat_textures/cardboardbox",
		"particle": "block/hat_textures/cardboardbox"
	},
	"elements": [
		{
			"from": [0, 0, 13],
			"to": [16, 9, 13],
			"faces": {
				"north": {"uv": [2, 11.5, 10, 16], "texture": "#0"},
				"east": {"uv": [16, 7, 14.5, 11.5], "texture": "#0"},
				"south": {"uv": [0, 11.5, 8, 16], "texture": "#0"},
				"west": {"uv": [16, 7, 14.5, 11.5], "texture": "#0"},
				"up": {"uv": [8, 9.5, 16, 10.5], "texture": "#0"},
				"down": {"uv": [8, 9.5, 16, 10.5], "texture": "#0"}
			}
		},
		{
			"from": [0, 9, 3],
			"to": [16, 9, 8],
			"rotation": {"angle": 0, "axis": "y", "origin": [0, 9, 3]},
			"faces": {
				"north": {"uv": [8, 9, 16, 9.5], "texture": "#0"},
				"east": {"uv": [8, 9, 10.5, 9.5], "texture": "#0"},
				"south": {"uv": [8, 9, 16, 9.5], "texture": "#0"},
				"west": {"uv": [8, 9, 10.5, 9.5], "texture": "#0"},
				"up": {"uv": [0, 4.5, 8, 7], "texture": "#0"},
				"down": {"uv": [0, 4.5, 8, 7], "texture": "#0"}
			}
		},
		{
			"from": [0, 9, 8],
			"to": [16, 9, 13],
			"rotation": {"angle": 0, "axis": "x", "origin": [0, 9, 13]},
			"faces": {
				"north": {"uv": [8, 9, 16, 9.5], "texture": "#0"},
				"east": {"uv": [8, 9, 10.5, 9.5], "texture": "#0"},
				"south": {"uv": [8, 9, 16, 9.5], "texture": "#0"},
				"west": {"uv": [8, 9, 10.5, 9.5], "texture": "#0"},
				"up": {"uv": [0, 1.5, 8, 4], "texture": "#0"},
				"down": {"uv": [0, 4.5, 8, 7], "texture": "#0"}
			}
		},
		{
			"from": [0, 0, 13],
			"to": [16, 0, 18],
			"rotation": {"angle": 22.5, "axis": "x", "origin": [0, 0, 13]},
			"faces": {
				"north": {"uv": [8, 9, 16, 9.5], "rotation": 180, "texture": "#0"},
				"east": {"uv": [8, 9, 10.5, 9.5], "rotation": 180, "texture": "#0"},
				"south": {"uv": [8, 9, 16, 9.5], "rotation": 180, "texture": "#0"},
				"west": {"uv": [8, 9, 10.5, 9.5], "rotation": 180, "texture": "#0"},
				"up": {"uv": [0, 4.5, 8, 7], "texture": "#0"},
				"down": {"uv": [0, 1.5, 8, 4], "texture": "#0"}
			}
		},
		{
			"from": [0, -5, 3],
			"to": [16, 0, 3],
			"rotation": {"angle": 45, "axis": "x", "origin": [0, 0, 3]},
			"faces": {
				"north": {"uv": [0, 7.5, 8, 10], "rotation": 180, "texture": "#0"},
				"east": {"uv": [8, 9, 10.5, 9.5], "rotation": 270, "texture": "#0"},
				"south": {"uv": [0, 1.5, 8, 4], "texture": "#0"},
				"west": {"uv": [8, 9, 10.5, 9.5], "rotation": 90, "texture": "#0"},
				"up": {"uv": [8, 9, 16, 9.5], "rotation": 180, "texture": "#0"},
				"down": {"uv": [8, 9, 16, 9.5], "texture": "#0"}
			}
		},
		{
			"from": [0, 0, 3],
			"to": [0, 9, 13],
			"faces": {
				"north": {"uv": [15, 6.5, 15.5, 11], "texture": "#0"},
				"east": {"uv": [3.5, 11.5, 8.5, 16], "texture": "#0"},
				"south": {"uv": [15, 6.5, 15.5, 11], "texture": "#0"},
				"west": {"uv": [9.5, 11.5, 14.5, 16], "texture": "#0"},
				"up": {"uv": [15, 6.5, 15.5, 11.5], "texture": "#0"},
				"down": {"uv": [15, 6.5, 15.5, 11.5], "texture": "#0"}
			}
		},
		{
			"from": [16, 0, 3],
			"to": [16, 9, 13],
			"faces": {
				"north": {"uv": [15, 6.5, 15.5, 11], "texture": "#0"},
				"east": {"uv": [9.5, 11.5, 14.5, 16], "texture": "#0"},
				"south": {"uv": [15, 6.5, 15.5, 11], "texture": "#0"},
				"west": {"uv": [0.5, 11.5, 5.5, 16], "texture": "#0"},
				"up": {"uv": [15, 6.5, 15.5, 11.5], "texture": "#0"},
				"down": {"uv": [15, 6.5, 15.5, 11.5], "texture": "#0"}
			}
		},
		{
			"from": [0, 5, 3],
			"to": [16, 9, 3],
			"faces": {
				"north": {"uv": [8, 1.5, 16, 3.5], "texture": "#0"},
				"east": {"uv": [0, 0, 0, 2], "texture": "#0"},
				"south": {"uv": [16, 1.5, 8, 3.5], "texture": "#0"},
				"west": {"uv": [0, 0, 0, 2], "texture": "#0"},
				"up": {"uv": [0, 0, 8, 0], "texture": "#0"},
				"down": {"uv": [0, 0, 8, 0], "texture": "#0"}
			}
		},
		{
			"from": [13, 3, 3],
			"to": [16, 4, 3],
			"faces": {
				"north": {"uv": [8, 4, 9.5, 4.5], "texture": "#0"},
				"east": {"uv": [0, 0, 0, 0.5], "texture": "#0"},
				"south": {"uv": [9.5, 4, 8, 4.5], "texture": "#0"},
				"west": {"uv": [0, 0, 0, 0.5], "texture": "#0"},
				"up": {"uv": [0, 0, 1.5, 0], "texture": "#0"},
				"down": {"uv": [0, 0, 1.5, 0], "texture": "#0"}
			}
		},
		{
			"from": [12, 4, 3],
			"to": [16, 5, 3],
			"faces": {
				"north": {"uv": [8, 3.5, 10, 4], "texture": "#0"},
				"east": {"uv": [0, 0, 0, 0.5], "texture": "#0"},
				"south": {"uv": [10, 3.5, 8, 4], "texture": "#0"},
				"west": {"uv": [0, 0, 0, 0.5], "texture": "#0"},
				"up": {"uv": [0, 0, 2, 0], "texture": "#0"},
				"down": {"uv": [0, 0, 2, 0], "texture": "#0"}
			}
		},
		{
			"from": [12, 2, 3],
			"to": [16, 3, 3],
			"faces": {
				"north": {"uv": [8, 4.5, 10, 5], "texture": "#0"},
				"east": {"uv": [0, 0, 0, 0.5], "texture": "#0"},
				"south": {"uv": [10, 4.5, 8, 5], "texture": "#0"},
				"west": {"uv": [0, 0, 0, 0.5], "texture": "#0"},
				"up": {"uv": [0, 0, 2, 0], "texture": "#0"},
				"down": {"uv": [0, 0, 2, 0], "texture": "#0"}
			}
		},
		{
			"from": [0, 0, 3],
			"to": [16, 2, 3],
			"faces": {
				"north": {"uv": [8, 5, 16, 6], "texture": "#0"},
				"east": {"uv": [0, 0, 0, 1], "texture": "#0"},
				"south": {"uv": [16, 5, 8, 6], "texture": "#0"},
				"west": {"uv": [0, 0, 0, 1], "texture": "#0"},
				"up": {"uv": [0, 0, 8, 0], "texture": "#0"},
				"down": {"uv": [0, 0, 8, 0], "texture": "#0"}
			}
		},
		{
			"from": [0, 2, 3],
			"to": [10, 3, 3],
			"faces": {
				"north": {"uv": [11, 4.5, 16, 5], "texture": "#0"},
				"east": {"uv": [0, 0, 0, 0.5], "texture": "#0"},
				"south": {"uv": [16, 4.5, 11, 5], "texture": "#0"},
				"west": {"uv": [0, 0, 0, 0.5], "texture": "#0"},
				"up": {"uv": [0, 0, 5, 0], "texture": "#0"},
				"down": {"uv": [0, 0, 5, 0], "texture": "#0"}
			}
		},
		{
			"from": [0, 3, 3],
			"to": [3, 5, 3],
			"faces": {
				"north": {"uv": [14.5, 3.5, 16, 4.5], "texture": "#0"},
				"east": {"uv": [0, 0, 0, 1], "texture": "#0"},
				"south": {"uv": [16, 3.5, 14.5, 4.5], "texture": "#0"},
				"west": {"uv": [0, 0, 0, 1], "texture": "#0"},
				"up": {"uv": [0, 0, 1.5, 0], "texture": "#0"},
				"down": {"uv": [0, 0, 1.5, 0], "texture": "#0"}
			}
		},
		{
			"from": [6, 3, 3],
			"to": [10, 5, 3],
			"faces": {
				"north": {"uv": [11, 3.5, 13, 4.5], "texture": "#0"},
				"east": {"uv": [0, 0, 0, 1], "texture": "#0"},
				"south": {"uv": [13, 3.5, 11, 4.5], "texture": "#0"},
				"west": {"uv": [0, 0, 0, 1], "texture": "#0"},
				"up": {"uv": [0, 0, 2, 0], "texture": "#0"},
				"down": {"uv": [0, 0, 2, 0], "texture": "#0"}
			}
		}
	],
	"display": {
		"thirdperson_righthand": {
			"translation": [0, 3, 1],
			"scale": [0.55, 0.55, 0.55]
		},
		"thirdperson_lefthand": {
			"translation": [0, 3, 1],
			"scale": [0.55, 0.55, 0.55]
		},
		"firstperson_righthand": {
			"rotation": [-175, 0, 0],
			"translation": [-9, -3, 0],
			"scale": [0.8, 0.8, 0.8]
		},
		"firstperson_lefthand": {
			"rotation": [-175, 0, 0],
			"translation": [-9, -3, 0],
			"scale": [0.8, 0.8, 0.8]
		},
		"ground": {
			"rotation": [180, 0, 0]
		},
		"gui": {
			"rotation": [-151, -16, 15],
			"translation": [-1.25, -3.75, 0],
			"scale": [0.7, 0.7, 0.7]
		},
		"head": {
			"translation": [0, 5.75, 0],
			"scale": [1.4, 1.4, 1.4]
		},
		"fixed": {
			"rotation": [90, 0, 0],
			"translation": [0, 0.25, -3.5],
			"scale": [2.5, 2.5, 2.5]
		}
	},
	"groups": [
		0,
		1,
		2,
		3,
		4,
		5,
		6,
		{
			"name": "group",
			"origin": [0, 0, 0],
			"color": 0,
			"children": [7, 8, 9, 10, 11, 12, 13, 14]
		}
	]
}