{
	"credit": "Made with Blockbench",
	"textures": {
		"0": "block/hat_textures/chefhat",
		"particle": "block/hat_textures/chefhat"
	},
	"elements": [
		{
			"from": [4, 0, 4],
			"to": [12, 3, 12],
			"faces": {
				"north": {"uv": [0, 0, 8, 3], "texture": "#0"},
				"east": {"uv": [0, 0, 8, 3], "texture": "#0"},
				"south": {"uv": [0, 0, 8, 3], "texture": "#0"},
				"west": {"uv": [0, 0, 8, 3], "texture": "#0"},
				"up": {"uv": [0, 4, 7, 11], "texture": "#0"},
				"down": {"uv": [0, 4, 7, 11], "texture": "#0"}
			}
		},
		{
			"from": [4.25, 3, 4.25],
			"to": [11.75, 13, 11.75],
			"faces": {
				"north": {"uv": [8.25, 6, 15.75, 16], "texture": "#0"},
				"east": {"uv": [8.25, 6, 15.75, 16], "texture": "#0"},
				"south": {"uv": [8.25, 6, 15.75, 16], "texture": "#0"},
				"west": {"uv": [8.25, 6, 15.75, 16], "texture": "#0"},
				"up": {"uv": [0, 4, 7, 11], "texture": "#0"},
				"down": {"uv": [0, 4, 7, 11], "texture": "#0"}
			}
		}
	],
	"display": {
		"thirdperson_righthand": {
			"rotation": [75, 45, 0],
			"translation": [0, 2.5, 0],
			"scale": [0.375, 0.375, 0.375]
		},
		"thirdperson_lefthand": {
			"rotation": [75, 45, 0],
			"translation": [0, 2.5, 0],
			"scale": [0.375, 0.375, 0.375]
		},
		"firstperson_righthand": {
			"rotation": [-10, 0, 5],
			"translation": [-0.25, 6.5, 2],
			"scale": [0.5, 0.5, 0.5]
		},
		"firstperson_lefthand": {
			"rotation": [-10, 0, 5],
			"translation": [-0.25, 6.5, 2],
			"scale": [0.5, 0.5, 0.5]
		},
		"ground": {
			"translation": [0, 6, 0]
		},
		"gui": {
			"rotation": [15, 0, 15],
			"translation": [-1, 1.25, 0],
			"scale": [0.8, 0.8, 0.8]
		},
		"head": {
			"rotation": [2, 0, 0],
			"translation": [0, 17.5, 0.5],
			"scale": [1.65, 1.65, 1.65]
		},
		"fixed": {
			"rotation": [0, 180, 0],
			"translation": [0, 1, 0]
		}
	}
}