{
	"credit": "Made with Blockbench",
	"textures": {
		"0": "block/gold",
		"particle": "block/gold"
	},
	"elements": [
		{
			"from": [3, 0, 3],
			"to": [13, 3, 4],
			"rotation": {"angle": 0, "axis": "y", "origin": [3, 0, 3]},
			"faces": {
				"north": {"uv": [3, 1, 13, 4], "texture": "#0"},
				"east": {"uv": [13, 12, 14, 15], "texture": "#0"},
				"south": {"uv": [3, 12, 13, 15], "texture": "#0"},
				"west": {"uv": [2, 12, 3, 15], "texture": "#0"},
				"up": {"uv": [2, 8, 12, 9], "texture": "#0"},
				"down": {"uv": [5, 15, 15, 16], "texture": "#0"}
			}
		},
		{
			"from": [3, 0, 12],
			"to": [13, 3, 13],
			"rotation": {"angle": 0, "axis": "y", "origin": [3, 0, 12]},
			"faces": {
				"north": {"uv": [3, 12, 13, 15], "texture": "#0"},
				"east": {"uv": [9, 12, 10, 15], "texture": "#0"},
				"south": {"uv": [12, 5, 15, 15], "rotation": 90, "texture": "#0"},
				"west": {"uv": [10, 12, 11, 15], "texture": "#0"},
				"up": {"uv": [3, 3, 13, 4], "texture": "#0"},
				"down": {"uv": [2, 15, 12, 16], "texture": "#0"}
			}
		},
		{
			"from": [3, 0, 4],
			"to": [4, 3, 12],
			"rotation": {"angle": 0, "axis": "y", "origin": [3, 0, 4]},
			"faces": {
				"north": {"uv": [0, 0, 1, 3], "texture": "#0"},
				"east": {"uv": [3, 12, 11, 15], "texture": "#0"},
				"south": {"uv": [0, 0, 1, 3], "texture": "#0"},
				"west": {"uv": [12, 1, 15, 9], "rotation": 90, "texture": "#0"},
				"up": {"uv": [2, 2, 3, 10], "texture": "#0"},
				"down": {"uv": [15, 2, 16, 10], "texture": "#0"}
			}
		},
		{
			"from": [3, 3, 3],
			"to": [4, 4, 4],
			"rotation": {"angle": 0, "axis": "y", "origin": [3, 3, 3]},
			"faces": {
				"north": {"uv": [13, 14, 14, 15], "texture": "#0"},
				"east": {"uv": [3, 12, 4, 13], "texture": "#0"},
				"south": {"uv": [8, 5, 9, 6], "texture": "#0"},
				"west": {"uv": [8, 13, 9, 14], "rotation": 90, "texture": "#0"},
				"up": {"uv": [6, 13, 7, 14], "texture": "#0"},
				"down": {"uv": [4, 9, 5, 10], "texture": "#0"}
			}
		},
		{
			"from": [3, 3, 5],
			"to": [4, 4, 7],
			"rotation": {"angle": 0, "axis": "y", "origin": [3, 3, 6]},
			"faces": {
				"north": {"uv": [13, 12, 14, 13], "texture": "#0"},
				"east": {"uv": [3, 12, 5, 13], "texture": "#0"},
				"south": {"uv": [8, 5, 9, 6], "texture": "#0"},
				"west": {"uv": [8, 13, 9, 15], "rotation": 90, "texture": "#0"},
				"up": {"uv": [6, 13, 7, 15], "texture": "#0"},
				"down": {"uv": [4, 9, 5, 11], "texture": "#0"}
			}
		},
		{
			"from": [3, 3, 12],
			"to": [4, 4, 13],
			"rotation": {"angle": 0, "axis": "y", "origin": [3, 3, 12]},
			"faces": {
				"north": {"uv": [13, 14, 14, 15], "texture": "#0"},
				"east": {"uv": [3, 12, 4, 13], "texture": "#0"},
				"south": {"uv": [8, 5, 9, 6], "texture": "#0"},
				"west": {"uv": [8, 13, 9, 14], "rotation": 90, "texture": "#0"},
				"up": {"uv": [6, 13, 7, 14], "texture": "#0"},
				"down": {"uv": [4, 9, 5, 10], "texture": "#0"}
			}
		},
		{
			"from": [12, 3, 3],
			"to": [13, 4, 4],
			"rotation": {"angle": 0, "axis": "y", "origin": [12, 3, 3]},
			"faces": {
				"north": {"uv": [13, 14, 14, 15], "texture": "#0"},
				"east": {"uv": [3, 12, 4, 13], "texture": "#0"},
				"south": {"uv": [8, 5, 9, 6], "texture": "#0"},
				"west": {"uv": [8, 13, 9, 14], "rotation": 90, "texture": "#0"},
				"up": {"uv": [6, 13, 7, 14], "texture": "#0"},
				"down": {"uv": [4, 9, 5, 10], "texture": "#0"}
			}
		},
		{
			"from": [12, 3, 12],
			"to": [13, 4, 13],
			"rotation": {"angle": 0, "axis": "y", "origin": [12, 3, 12]},
			"faces": {
				"north": {"uv": [13, 14, 14, 15], "texture": "#0"},
				"east": {"uv": [3, 12, 4, 13], "texture": "#0"},
				"south": {"uv": [8, 5, 9, 6], "texture": "#0"},
				"west": {"uv": [8, 13, 9, 14], "rotation": 90, "texture": "#0"},
				"up": {"uv": [6, 13, 7, 14], "texture": "#0"},
				"down": {"uv": [4, 9, 5, 10], "texture": "#0"}
			}
		},
		{
			"from": [3, 3, 9],
			"to": [4, 4, 11],
			"rotation": {"angle": 0, "axis": "y", "origin": [3, 3, 9]},
			"faces": {
				"north": {"uv": [13, 12, 14, 13], "texture": "#0"},
				"east": {"uv": [2, 13, 4, 14], "texture": "#0"},
				"south": {"uv": [10, 5, 11, 6], "texture": "#0"},
				"west": {"uv": [12, 7, 13, 9], "rotation": 90, "texture": "#0"},
				"up": {"uv": [7, 12, 8, 14], "texture": "#0"},
				"down": {"uv": [8, 3, 9, 5], "texture": "#0"}
			}
		},
		{
			"from": [12, 3, 9],
			"to": [13, 4, 11],
			"rotation": {"angle": 0, "axis": "y", "origin": [12, 3, 9]},
			"faces": {
				"north": {"uv": [13, 12, 14, 13], "texture": "#0"},
				"east": {"uv": [2, 13, 4, 14], "texture": "#0"},
				"south": {"uv": [10, 5, 11, 6], "texture": "#0"},
				"west": {"uv": [12, 7, 13, 9], "rotation": 90, "texture": "#0"},
				"up": {"uv": [7, 12, 8, 14], "texture": "#0"},
				"down": {"uv": [8, 3, 9, 5], "texture": "#0"}
			}
		},
		{
			"from": [12, 3, 5],
			"to": [13, 4, 7],
			"rotation": {"angle": 0, "axis": "y", "origin": [12, 3, 6]},
			"faces": {
				"north": {"uv": [13, 12, 14, 13], "texture": "#0"},
				"east": {"uv": [3, 12, 5, 13], "texture": "#0"},
				"south": {"uv": [8, 5, 9, 6], "texture": "#0"},
				"west": {"uv": [8, 13, 9, 15], "rotation": 90, "texture": "#0"},
				"up": {"uv": [6, 13, 7, 15], "texture": "#0"},
				"down": {"uv": [4, 9, 5, 11], "texture": "#0"}
			}
		},
		{
			"from": [9, 3, 3],
			"to": [11, 4, 4],
			"rotation": {"angle": 0, "axis": "y", "origin": [8.5, 3.5, 4]},
			"faces": {
				"north": {"uv": [8, 13, 9, 15], "rotation": 90, "texture": "#0"},
				"east": {"uv": [13, 12, 14, 13], "texture": "#0"},
				"south": {"uv": [3, 12, 5, 13], "texture": "#0"},
				"west": {"uv": [8, 5, 9, 6], "texture": "#0"},
				"up": {"uv": [6, 13, 7, 15], "rotation": 90, "texture": "#0"},
				"down": {"uv": [4, 9, 5, 11], "rotation": 270, "texture": "#0"}
			}
		},
		{
			"from": [5, 3, 3],
			"to": [7, 4, 4],
			"rotation": {"angle": 0, "axis": "y", "origin": [8.5, 3.5, 4]},
			"faces": {
				"north": {"uv": [12, 7, 13, 9], "rotation": 90, "texture": "#0"},
				"east": {"uv": [13, 12, 14, 13], "texture": "#0"},
				"south": {"uv": [2, 13, 4, 14], "texture": "#0"},
				"west": {"uv": [10, 5, 11, 6], "texture": "#0"},
				"up": {"uv": [7, 12, 8, 14], "rotation": 90, "texture": "#0"},
				"down": {"uv": [8, 3, 9, 5], "rotation": 270, "texture": "#0"}
			}
		},
		{
			"from": [9, 3, 12],
			"to": [11, 4, 13],
			"rotation": {"angle": 0, "axis": "y", "origin": [8.5, 3.5, 13]},
			"faces": {
				"north": {"uv": [8, 13, 9, 15], "rotation": 90, "texture": "#0"},
				"east": {"uv": [13, 12, 14, 13], "texture": "#0"},
				"south": {"uv": [3, 12, 5, 13], "texture": "#0"},
				"west": {"uv": [8, 5, 9, 6], "texture": "#0"},
				"up": {"uv": [6, 13, 7, 15], "rotation": 90, "texture": "#0"},
				"down": {"uv": [4, 9, 5, 11], "rotation": 270, "texture": "#0"}
			}
		},
		{
			"from": [5, 3, 12],
			"to": [7, 4, 13],
			"rotation": {"angle": 0, "axis": "y", "origin": [8.5, 3.5, 13]},
			"faces": {
				"north": {"uv": [12, 7, 13, 9], "rotation": 90, "texture": "#0"},
				"east": {"uv": [13, 12, 14, 13], "texture": "#0"},
				"south": {"uv": [2, 13, 4, 14], "texture": "#0"},
				"west": {"uv": [10, 5, 11, 6], "texture": "#0"},
				"up": {"uv": [7, 12, 8, 14], "rotation": 90, "texture": "#0"},
				"down": {"uv": [8, 3, 9, 5], "rotation": 270, "texture": "#0"}
			}
		},
		{
			"from": [12, 0, 4],
			"to": [13, 3, 12],
			"rotation": {"angle": 0, "axis": "y", "origin": [12, 0, 4]},
			"faces": {
				"north": {"uv": [0, 0, 1, 3], "texture": "#0"},
				"east": {"uv": [1, 12, 9, 15], "texture": "#0"},
				"south": {"uv": [0, 0, 1, 3], "texture": "#0"},
				"west": {"uv": [1, 12, 9, 15], "texture": "#0"},
				"up": {"uv": [11, 6, 12, 14], "texture": "#0"},
				"down": {"uv": [15, 5, 16, 13], "texture": "#0"}
			}
		}
	],
	"display": {
		"thirdperson_righthand": {
			"rotation": [-20, 0, 0],
			"translation": [0, 2.25, -1.5],
			"scale": [0.5, 0.5, 0.5]
		},
		"thirdperson_lefthand": {
			"rotation": [-20, 0, 0],
			"translation": [0, 2.25, -1.5],
			"scale": [0.5, 0.5, 0.5]
		},
		"firstperson_righthand": {
			"rotation": [15, 0, 15],
			"translation": [-1.5, 9, 2.75],
			"scale": [0.75, 0.75, 0.75]
		},
		"firstperson_lefthand": {
			"rotation": [15, 0, 15],
			"translation": [-1.5, 9, 2.75],
			"scale": [0.75, 0.75, 0.75]
		},
		"ground": {
			"translation": [0, 8, 0]
		},
		"gui": {
			"rotation": [35, 0, 20],
			"translation": [-2, 4, 0]
		},
		"head": {
			"translation": [0, 16, 0],
			"scale": [1.5, 1.5, 1.5]
		},
		"fixed": {
			"rotation": [-90, 0, 0],
			"translation": [0, 0, -9.25],
			"scale": [1.6, 1.6, 1.6]
		}
	}
}