{
	"credit": "Made with Blockbench",
	"textures": {
		"0": "block/hat_textures/devilhorns",
		"particle": "block/hat_textures/devilhorns"
	},
	"elements": [
		{
			"from": [3, 0, 3],
			"to": [6, 3.5, 4],
			"rotation": {"angle": 0, "axis": "y", "origin": [3, 0, 3]},
			"faces": {
				"north": {"uv": [3, 9, 6, 12.5], "texture": "#0"},
				"east": {"uv": [7, 9, 8, 12.5], "texture": "#0"},
				"south": {"uv": [9, 9, 12, 12.5], "texture": "#0"},
				"west": {"uv": [1, 9, 2, 12.5], "texture": "#0"},
				"up": {"uv": [5, 8, 8, 9], "texture": "#0"},
				"down": {"uv": [5, 12.5, 8, 13.5], "texture": "#0"}
			}
		},
		{
			"from": [10, 0, 3],
			"to": [13, 3.5, 4],
			"rotation": {"angle": 0, "axis": "y", "origin": [10, 0, 3]},
			"faces": {
				"north": {"uv": [3, 9, 6, 12.5], "texture": "#0"},
				"east": {"uv": [7, 9, 8, 12.5], "texture": "#0"},
				"south": {"uv": [9, 9, 12, 12.5], "texture": "#0"},
				"west": {"uv": [1, 9, 2, 12.5], "texture": "#0"},
				"up": {"uv": [5, 8, 8, 9], "texture": "#0"},
				"down": {"uv": [5, 12.5, 8, 13.5], "texture": "#0"}
			}
		},
		{
			"from": [3.25, 1.25, 1.25],
			"to": [5.75, 5.25, 3.75],
			"rotation": {"angle": -22.5, "axis": "x", "origin": [4.5, 1.25, 2.5]},
			"faces": {
				"north": {"uv": [11, 8, 14, 13], "texture": "#0"},
				"east": {"uv": [14, 8, 16, 13], "texture": "#0"},
				"south": {"uv": [5, 8, 8, 13], "texture": "#0"},
				"west": {"uv": [8, 8, 11, 13], "texture": "#0"},
				"up": {"uv": [4, 7, 6, 9], "rotation": 180, "texture": "#0"},
				"down": {"uv": [4, 13, 6, 15], "texture": "#0"}
			}
		},
		{
			"from": [3.65, 4.25, 0],
			"to": [5.65, 8.25, 2],
			"rotation": {"angle": 0, "axis": "x", "origin": [4.9, 4.25, 0.75]},
			"faces": {
				"north": {"uv": [12, 4, 15, 10], "texture": "#0"},
				"east": {"uv": [10, 4, 13, 10], "texture": "#0"},
				"south": {"uv": [8, 4, 11, 10], "texture": "#0"},
				"west": {"uv": [13, 4, 16, 10], "texture": "#0"},
				"up": {"uv": [11, 3, 13, 5], "rotation": 180, "texture": "#0"},
				"down": {"uv": [11, 8, 13, 10], "texture": "#0"}
			}
		},
		{
			"from": [4.05, 7.97612, 0.48268],
			"to": [5.55, 10.97612, 1.98268],
			"rotation": {"angle": 22.5, "axis": "x", "origin": [4.8, 8.9, 0.85]},
			"faces": {
				"north": {"uv": [10, 0, 12, 4], "rotation": 180, "texture": "#0"},
				"east": {"uv": [12, 0, 14, 4], "texture": "#0"},
				"south": {"uv": [6, 0, 8, 4], "texture": "#0"},
				"west": {"uv": [8, 0, 10, 4], "texture": "#0"},
				"up": {"uv": [4, 0, 6, 2], "rotation": 180, "texture": "#0"},
				"down": {"uv": [4, 4, 6, 6], "texture": "#0"}
			}
		},
		{
			"from": [4.45, 10.4, 1.15],
			"to": [5.45, 13.4, 2.4],
			"rotation": {"angle": 45, "axis": "x", "origin": [4.95, 10.4, 1.9]},
			"faces": {
				"north": {"uv": [6, 0, 8, 6], "texture": "#0"},
				"east": {"uv": [14, 0, 16, 6], "texture": "#0"},
				"south": {"uv": [10, 0, 12, 6], "texture": "#0"},
				"west": {"uv": [8, 0, 10, 6], "texture": "#0"},
				"up": {"uv": [6, 0, 8, 2], "rotation": 180, "texture": "#0"},
				"down": {"uv": [11, 5, 13, 7], "texture": "#0"}
			}
		},
		{
			"from": [3.35, 0.4, 1.45],
			"to": [5.65, 1.65, 3.45],
			"rotation": {"angle": 22.5, "axis": "x", "origin": [4.5, 0.9, 2.45]},
			"faces": {
				"north": {"uv": [4, 13, 6.3, 14.25], "texture": "#0"},
				"east": {"uv": [10, 14, 12, 15.25], "texture": "#0"},
				"south": {"uv": [2, 14.75, 4.3, 16], "texture": "#0"},
				"west": {"uv": [2, 13, 4, 14.25], "texture": "#0"},
				"up": {"uv": [6, 14, 8.3, 16], "texture": "#0"},
				"down": {"uv": [8, 13, 10.3, 15], "texture": "#0"}
			}
		},
		{
			"from": [10.25, 1.25, 1.25],
			"to": [12.75, 5.25, 3.75],
			"rotation": {"angle": -22.5, "axis": "x", "origin": [11.5, 1.25, 2.5]},
			"faces": {
				"north": {"uv": [8, 8, 11, 13], "texture": "#0"},
				"east": {"uv": [11, 8, 13, 13], "texture": "#0"},
				"south": {"uv": [2, 8, 5, 13], "texture": "#0"},
				"west": {"uv": [5, 8, 8, 13], "texture": "#0"},
				"up": {"uv": [1, 7, 3, 9], "rotation": 180, "texture": "#0"},
				"down": {"uv": [1, 13, 3, 15], "texture": "#0"}
			}
		},
		{
			"from": [10.35, 0.4, 1.45],
			"to": [12.65, 1.65, 3.45],
			"rotation": {"angle": 22.5, "axis": "x", "origin": [11.5, 0.9, 2.45]},
			"faces": {
				"north": {"uv": [4, 13, 6.3, 14.25], "texture": "#0"},
				"east": {"uv": [10, 14, 12, 15.25], "texture": "#0"},
				"south": {"uv": [2, 14.75, 4.3, 16], "texture": "#0"},
				"west": {"uv": [2, 13, 4, 14.25], "texture": "#0"},
				"up": {"uv": [6, 14, 8.3, 16], "texture": "#0"},
				"down": {"uv": [8, 13, 10.3, 15], "texture": "#0"}
			}
		},
		{
			"from": [10.35, 4.25, 0],
			"to": [12.35, 8.25, 2],
			"rotation": {"angle": 0, "axis": "x", "origin": [11.6, 4.25, 0.75]},
			"faces": {
				"north": {"uv": [7, 4, 9, 8], "texture": "#0"},
				"east": {"uv": [5, 4, 7, 8], "texture": "#0"},
				"south": {"uv": [3, 4, 5, 8], "texture": "#0"},
				"west": {"uv": [9, 4, 11, 8], "texture": "#0"},
				"up": {"uv": [6, 3, 8, 5], "rotation": 180, "texture": "#0"},
				"down": {"uv": [6, 8, 8, 10], "texture": "#0"}
			}
		},
		{
			"from": [10.45, 7.97612, 0.48268],
			"to": [11.95, 10.97612, 1.98268],
			"rotation": {"angle": 22.5, "axis": "x", "origin": [11.2, 8.9, 0.85]},
			"faces": {
				"north": {"uv": [12, 0, 14, 4], "rotation": 180, "texture": "#0"},
				"east": {"uv": [14, 0, 16, 4], "texture": "#0"},
				"south": {"uv": [8, 0, 10, 4], "texture": "#0"},
				"west": {"uv": [10, 0, 12, 4], "texture": "#0"},
				"up": {"uv": [6, 0, 8, 2], "rotation": 180, "texture": "#0"},
				"down": {"uv": [6, 4, 8, 6], "texture": "#0"}
			}
		},
		{
			"from": [10.55, 10.4, 1.15],
			"to": [11.55, 13.4, 2.4],
			"rotation": {"angle": 45, "axis": "x", "origin": [11.05, 10.4, 1.9]},
			"faces": {
				"north": {"uv": [8, 0, 10, 6], "texture": "#0"},
				"east": {"uv": [10, 0, 12, 6], "texture": "#0"},
				"south": {"uv": [6, 0, 8, 6], "texture": "#0"},
				"west": {"uv": [4, 0, 6, 6], "texture": "#0"},
				"up": {"uv": [2, 0, 4, 2], "rotation": 180, "texture": "#0"},
				"down": {"uv": [7, 5, 9, 7], "texture": "#0"}
			}
		}
	],
	"display": {
		"thirdperson_righthand": {
			"translation": [0, 2.5, 2],
			"scale": [0.5, 0.5, 0.5]
		},
		"thirdperson_lefthand": {
			"translation": [0, 2.5, 2],
			"scale": [0.5, 0.5, 0.5]
		},
		"firstperson_righthand": {
			"translation": [6.25, 0.25, 0]
		},
		"firstperson_lefthand": {
			"translation": [6.25, 0.25, 0]
		},
		"ground": {
			"rotation": [35, 0, 0],
			"translation": [0, 4, 5]
		},
		"gui": {
			"rotation": [15, -150, 15],
			"translation": [-1.75, 2.5, 0]
		},
		"head": {
			"translation": [0, 12, -1.25],
			"scale": [1.28, 1.28, 1.28]
		},
		"fixed": {
			"translation": [0, 2, 5.5],
			"scale": [1.3, 1.3, 1.3]
		}
	}
}