{
	"credit": "Made with Blockbench",
	"textures": {
		"0": "block/hat_textures/dkbongos",
		"particle": "block/hat_textures/dkbongos"
	},
	"elements": [
		{
			"from": [1, 3, 5],
			"to": [7, 9, 11],
			"rotation": {"angle": 0, "axis": "y", "origin": [1, 3, 5]},
			"faces": {
				"north": {"uv": [9, 9, 15, 15], "texture": "#0"},
				"east": {"uv": [9, 9, 15, 15], "texture": "#0"},
				"south": {"uv": [9, 9, 15, 15], "texture": "#0"},
				"west": {"uv": [9, 9, 15, 15], "texture": "#0"},
				"up": {"uv": [1, 9, 7, 15], "texture": "#0"},
				"down": {"uv": [1, 9, 7, 15], "texture": "#0"}
			}
		},
		{
			"from": [1.5, 9, 5.5],
			"to": [6.5, 12, 10.5],
			"rotation": {"angle": 0, "axis": "y", "origin": [0.5, 9, 5.5]},
			"faces": {
				"north": {"uv": [10, 3, 15, 6], "texture": "#0"},
				"east": {"uv": [10, 3, 15, 6], "texture": "#0"},
				"south": {"uv": [10, 3, 15, 6], "texture": "#0"},
				"west": {"uv": [10, 3, 15, 6], "texture": "#0"},
				"up": {"uv": [2, 10, 7, 15], "texture": "#0"},
				"down": {"uv": [1, 9, 6, 14], "texture": "#0"}
			}
		},
		{
			"from": [1.75, 12, 5.75],
			"to": [6.25, 12.25, 10.25],
			"rotation": {"angle": 0, "axis": "y", "origin": [0.5, 12, 5.5]},
			"faces": {
				"north": {"uv": [1, 5, 5.5, 5.25], "texture": "#0"},
				"east": {"uv": [1, 5, 5.5, 5.25], "texture": "#0"},
				"south": {"uv": [1, 5, 5.5, 5.25], "texture": "#0"},
				"west": {"uv": [1, 5, 5.5, 5.25], "texture": "#0"},
				"up": {"uv": [1, 1, 5.5, 5.5], "texture": "#0"},
				"down": {"uv": [1, 1, 5.5, 5.5], "texture": "#0"}
			}
		},
		{
			"from": [1.5, 0, 5.5],
			"to": [6.5, 3, 10.5],
			"rotation": {"angle": 0, "axis": "y", "origin": [0.5, 0, 5.5]},
			"faces": {
				"north": {"uv": [10, 3, 15, 6], "rotation": 180, "texture": "#0"},
				"east": {"uv": [10, 3, 15, 6], "rotation": 180, "texture": "#0"},
				"south": {"uv": [10, 3, 15, 6], "rotation": 180, "texture": "#0"},
				"west": {"uv": [10, 3, 15, 6], "rotation": 180, "texture": "#0"},
				"up": {"uv": [0, 0, 5, 5], "texture": "#0"},
				"down": {"uv": [1, 10, 6, 15], "texture": "#0"}
			}
		},
		{
			"from": [9, 3, 5],
			"to": [15, 9, 11],
			"rotation": {"angle": 0, "axis": "y", "origin": [9, 3, 5]},
			"faces": {
				"north": {"uv": [9, 9, 15, 15], "texture": "#0"},
				"east": {"uv": [9, 9, 15, 15], "texture": "#0"},
				"south": {"uv": [9, 9, 15, 15], "texture": "#0"},
				"west": {"uv": [9, 9, 15, 15], "texture": "#0"},
				"up": {"uv": [1, 9, 7, 15], "texture": "#0"},
				"down": {"uv": [1, 9, 7, 15], "texture": "#0"}
			}
		},
		{
			"from": [9.5, 9, 5.5],
			"to": [14.5, 12, 10.5],
			"rotation": {"angle": 0, "axis": "y", "origin": [8.5, 9, 5.5]},
			"faces": {
				"north": {"uv": [10, 3, 15, 6], "texture": "#0"},
				"east": {"uv": [10, 3, 15, 6], "texture": "#0"},
				"south": {"uv": [10, 3, 15, 6], "texture": "#0"},
				"west": {"uv": [10, 3, 15, 6], "texture": "#0"},
				"up": {"uv": [2, 10, 7, 15], "texture": "#0"},
				"down": {"uv": [1, 9, 6, 14], "texture": "#0"}
			}
		},
		{
			"from": [9.5, 0, 5.5],
			"to": [14.5, 3, 10.5],
			"rotation": {"angle": 0, "axis": "y", "origin": [8.5, 0, 5.5]},
			"faces": {
				"north": {"uv": [10, 3, 15, 6], "rotation": 180, "texture": "#0"},
				"east": {"uv": [10, 3, 15, 6], "rotation": 180, "texture": "#0"},
				"south": {"uv": [10, 3, 15, 6], "rotation": 180, "texture": "#0"},
				"west": {"uv": [10, 3, 15, 6], "rotation": 180, "texture": "#0"},
				"up": {"uv": [0, 0, 5, 5], "texture": "#0"},
				"down": {"uv": [1, 10, 6, 15], "texture": "#0"}
			}
		},
		{
			"from": [9.75, 12, 5.75],
			"to": [14.25, 12.25, 10.25],
			"rotation": {"angle": 0, "axis": "y", "origin": [12, 12.125, 8]},
			"faces": {
				"north": {"uv": [1, 5, 5.5, 5.25], "texture": "#0"},
				"east": {"uv": [1, 5, 5.5, 5.25], "texture": "#0"},
				"south": {"uv": [1, 5, 5.5, 5.25], "texture": "#0"},
				"west": {"uv": [1, 5, 5.5, 5.25], "texture": "#0"},
				"up": {"uv": [1, 1, 5.5, 5.5], "rotation": 270, "texture": "#0"},
				"down": {"uv": [1, 1, 5.5, 5.5], "rotation": 90, "texture": "#0"}
			}
		}
	],
	"display": {
		"thirdperson_righthand": {
			"scale": [0.5, 0.5, 0.5]
		},
		"thirdperson_lefthand": {
			"scale": [0.5, 0.5, 0.5]
		},
		"firstperson_righthand": {
			"translation": [-1.75, 2, 0],
			"scale": [0.75, 0.75, 0.75]
		},
		"firstperson_lefthand": {
			"translation": [-1.75, 2, 0],
			"scale": [0.75, 0.75, 0.75]
		},
		"ground": {
			"translation": [0, 10, 0],
			"scale": [1.5, 1.5, 1.5]
		},
		"gui": {
			"rotation": [15, 15, 10],
			"translation": [-0.25, 1.75, 0],
			"scale": [0.95, 0.95, 0.95]
		},
		"head": {
			"translation": [0, 12.25, 0],
			"scale": [0.75, 0.75, 0.75]
		},
		"fixed": {
			"rotation": [-15, 0, 0],
			"translation": [0, 2.25, -0.25],
			"scale": [1.25, 1.25, 1.25]
		}
	}
}