{
	"credit": "Made with Blockbench",
	"textures": {
		"0": "block/hat_textures/mallard",
		"particle": "block/hat_textures/mallard"
	},
	"elements": [
		{
			"from": [6, 0, 5],
			"to": [10, 4, 11],
			"rotation": {"angle": 0, "axis": "y", "origin": [6, 0, 4]},
			"faces": {
				"north": {"uv": [1, 7, 5, 11], "texture": "#0"},
				"east": {"uv": [12, 0, 16, 6], "rotation": 90, "texture": "#0"},
				"south": {"uv": [12, 2, 16, 6], "texture": "#0"},
				"west": {"uv": [12, 0, 16, 6], "rotation": 90, "texture": "#0"},
				"up": {"uv": [6, 4, 10, 10], "rotation": 180, "texture": "#0"},
				"down": {"uv": [12, 0, 16, 6], "texture": "#0"}
			}
		},
		{
			"from": [7, 0, 4],
			"to": [9, 4, 6],
			"rotation": {"angle": -22.5, "axis": "x", "origin": [8, 0, 4]},
			"faces": {
				"north": {"uv": [2, 7, 4, 11], "rotation": 180, "texture": "#0"},
				"east": {"uv": [0, 7, 2, 11], "texture": "#0"},
				"south": {"uv": [1, 8, 3, 12], "texture": "#0"},
				"west": {"uv": [4, 7, 6, 11], "texture": "#0"},
				"up": {"uv": [7, 7, 9, 9], "texture": "#0"},
				"down": {"uv": [7, 7, 9, 9], "texture": "#0"}
			}
		},
		{
			"from": [6.5, 4, 3.25],
			"to": [9.5, 7, 6.25],
			"rotation": {"angle": -22.5, "axis": "x", "origin": [8, 0, 4]},
			"faces": {
				"north": {"uv": [3, 3, 6, 6], "texture": "#0"},
				"east": {"uv": [0, 3, 3, 6], "rotation": 270, "texture": "#0"},
				"south": {"uv": [0, 0, 3, 3], "texture": "#0"},
				"west": {"uv": [3, 0, 6, 3], "texture": "#0"},
				"up": {"uv": [6, 0, 9, 3], "texture": "#0"},
				"down": {"uv": [9, 0, 12, 3], "rotation": 90, "texture": "#0"}
			}
		},
		{
			"from": [6.5, 1.1, 10.25],
			"to": [9.5, 4.1, 14.25],
			"rotation": {"angle": -22.5, "axis": "x", "origin": [8, 1.1, 11.25]},
			"faces": {
				"north": {"uv": [10, 10, 13, 13], "texture": "#0"},
				"east": {"uv": [8, 13, 12, 10], "rotation": 180, "texture": "#0"},
				"south": {"uv": [10, 10, 13, 13], "texture": "#0"},
				"west": {"uv": [8, 10, 12, 13], "texture": "#0"},
				"up": {"uv": [10, 6, 13, 10], "texture": "#0"},
				"down": {"uv": [10, 16, 13, 12], "texture": "#0"}
			}
		},
		{
			"from": [5, 2, 5],
			"to": [6, 4, 11],
			"rotation": {"angle": 0, "axis": "y", "origin": [2, 0, 4]},
			"faces": {
				"north": {"uv": [14, 4, 15, 6], "texture": "#0"},
				"east": {"uv": [9, 11, 15, 13], "texture": "#0"},
				"south": {"uv": [14, 0, 15, 2], "texture": "#0"},
				"west": {"uv": [12, 0, 14, 6], "rotation": 90, "texture": "#0"},
				"up": {"uv": [15, 0, 16, 6], "rotation": 180, "texture": "#0"},
				"down": {"uv": [13, 0, 14, 6], "texture": "#0"}
			}
		},
		{
			"from": [10, 2, 5],
			"to": [11, 4, 11],
			"rotation": {"angle": 0, "axis": "y", "origin": [7, 0, 4]},
			"faces": {
				"north": {"uv": [15, 4, 16, 6], "texture": "#0"},
				"east": {"uv": [14, 0, 12, 6], "rotation": 270, "texture": "#0"},
				"south": {"uv": [15, 0, 16, 2], "texture": "#0"},
				"west": {"uv": [9, 10, 15, 12], "texture": "#0"},
				"up": {"uv": [14, 0, 15, 6], "rotation": 180, "texture": "#0"},
				"down": {"uv": [15, 0, 16, 6], "texture": "#0"}
			}
		},
		{
			"from": [5, 1, 6],
			"to": [6, 2, 11],
			"rotation": {"angle": 0, "axis": "y", "origin": [2, -2, 4]},
			"faces": {
				"north": {"uv": [12, 3, 13, 4], "texture": "#0"},
				"east": {"uv": [11, 12, 16, 13], "texture": "#0"},
				"south": {"uv": [13, 0, 14, 1], "texture": "#0"},
				"west": {"uv": [15, 0, 16, 5], "rotation": 90, "texture": "#0"},
				"up": {"uv": [12, 11, 13, 16], "texture": "#0"},
				"down": {"uv": [13, 1, 14, 6], "texture": "#0"}
			}
		},
		{
			"from": [10, 1, 6],
			"to": [11, 2, 11],
			"rotation": {"angle": 0, "axis": "y", "origin": [7, -2, 4]},
			"faces": {
				"north": {"uv": [13, 3, 14, 4], "texture": "#0"},
				"east": {"uv": [15, 0, 16, 5], "rotation": 270, "texture": "#0"},
				"south": {"uv": [12, 2, 13, 3], "texture": "#0"},
				"west": {"uv": [9, 12, 14, 13], "texture": "#0"},
				"up": {"uv": [11, 11, 12, 16], "texture": "#0"},
				"down": {"uv": [14, 1, 15, 6], "texture": "#0"}
			}
		},
		{
			"from": [7, 4.15, -1],
			"to": [9, 5.15, 2],
			"rotation": {"angle": 0, "axis": "y", "origin": [7, 4.15, 0]},
			"faces": {
				"north": {"uv": [3, 15, 4, 13], "rotation": 90, "texture": "#0"},
				"east": {"uv": [0, 13, 3, 12], "texture": "#0"},
				"south": {"uv": [7, 15, 8, 13], "rotation": 90, "texture": "#0"},
				"west": {"uv": [0, 16, 3, 15], "texture": "#0"},
				"up": {"uv": [0, 15, 3, 13], "rotation": 90, "texture": "#0"},
				"down": {"uv": [4, 15, 7, 13], "rotation": 90, "texture": "#0"}
			}
		},
		{
			"from": [6, 0, 4],
			"to": [10, 4, 5],
			"rotation": {"angle": 0, "axis": "y", "origin": [6, 0, 4]},
			"faces": {
				"north": {"uv": [1, 7, 5, 11], "rotation": 90, "texture": "#0"},
				"east": {"uv": [0, 7, 1, 11], "texture": "#0"},
				"south": {"uv": [1, 7, 5, 11], "texture": "#0"},
				"west": {"uv": [5, 7, 6, 11], "texture": "#0"},
				"up": {"uv": [1, 6, 5, 7], "texture": "#0"},
				"down": {"uv": [1, 11, 5, 12], "texture": "#0"}
			}
		}
	],
	"display": {
		"thirdperson_righthand": {
			"rotation": [60, 0, 0],
			"translation": [0, 2, 4]
		},
		"thirdperson_lefthand": {
			"rotation": [60, 0, 0],
			"translation": [0, 2, 4]
		},
		"firstperson_righthand": {
			"rotation": [0, 125, 0],
			"translation": [1.25, 9, 0.5]
		},
		"firstperson_lefthand": {
			"rotation": [0, 125, 0],
			"translation": [1.25, 9, 0.5]
		},
		"ground": {
			"translation": [0, 11, 0],
			"scale": [1.5, 1.5, 1.5]
		},
		"gui": {
			"rotation": [10, 150, 0],
			"translation": [0.75, 7, 0],
			"scale": [1.5, 1.5, 1.5]
		},
		"head": {
			"translation": [0, 16.5, 0.75],
			"scale": [1.5, 1.5, 1.5]
		},
		"fixed": {
			"rotation": [-90, 0, 0],
			"translation": [0, 2, -31],
			"scale": [4, 4, 4]
		}
	}
}