{
	"credit": "Made with Blockbench",
	"textures": {
		"0": "minecraft:block/gold.png",
		"1": "block/hat_textures/purplefuz.png",
		"particle": "minecraft:block/gold.png"
	},
	"elements": [
		{
			"from": [3, 0, 3],
			"to": [13, 3, 4],
			"rotation": {"angle": 0, "axis": "y", "origin": [3, 0, 3]},
			"faces": {
				"north": {"uv": [3, 1, 13, 4], "texture": "#0"},
				"east": {"uv": [13, 12, 14, 15], "texture": "#0"},
				"south": {"uv": [3, 12, 13, 15], "texture": "#0"},
				"west": {"uv": [2, 12, 3, 15], "texture": "#0"},
				"up": {"uv": [2, 8, 12, 9], "texture": "#0"},
				"down": {"uv": [5, 15, 15, 16], "texture": "#0"}
			}
		},
		{
			"from": [3, 0, 12],
			"to": [13, 3, 13],
			"rotation": {"angle": 0, "axis": "y", "origin": [3, 0, 12]},
			"faces": {
				"north": {"uv": [3, 12, 13, 15], "texture": "#0"},
				"east": {"uv": [9, 12, 10, 15], "texture": "#0"},
				"south": {"uv": [12, 5, 15, 15], "rotation": 90, "texture": "#0"},
				"west": {"uv": [10, 12, 11, 15], "texture": "#0"},
				"up": {"uv": [3, 3, 13, 4], "texture": "#0"},
				"down": {"uv": [2, 15, 12, 16], "texture": "#0"}
			}
		},
		{
			"from": [3, 0, 4],
			"to": [4, 3, 12],
			"rotation": {"angle": 0, "axis": "y", "origin": [3, 0, 4]},
			"faces": {
				"north": {"uv": [0, 0, 1, 3], "texture": "#0"},
				"east": {"uv": [3, 12, 11, 15], "texture": "#0"},
				"south": {"uv": [0, 0, 1, 3], "texture": "#0"},
				"west": {"uv": [12, 1, 15, 9], "rotation": 90, "texture": "#0"},
				"up": {"uv": [2, 2, 3, 10], "texture": "#0"},
				"down": {"uv": [15, 2, 16, 10], "texture": "#0"}
			}
		},
		{
			"from": [3, 3, 3],
			"to": [4, 4, 4],
			"rotation": {"angle": 0, "axis": "y", "origin": [3, 3, 3]},
			"faces": {
				"north": {"uv": [13, 14, 14, 15], "texture": "#0"},
				"east": {"uv": [3, 12, 4, 13], "texture": "#0"},
				"south": {"uv": [8, 5, 9, 6], "texture": "#0"},
				"west": {"uv": [8, 13, 9, 14], "rotation": 90, "texture": "#0"},
				"up": {"uv": [6, 13, 7, 14], "texture": "#0"},
				"down": {"uv": [4, 9, 5, 10], "texture": "#0"}
			}
		},
		{
			"from": [3, 3, 7],
			"to": [4, 4, 9],
			"rotation": {"angle": 0, "axis": "y", "origin": [3, 3, 8]},
			"faces": {
				"north": {"uv": [13, 12, 14, 13], "texture": "#0"},
				"east": {"uv": [3, 12, 5, 13], "texture": "#0"},
				"south": {"uv": [8, 5, 9, 6], "texture": "#0"},
				"west": {"uv": [8, 13, 9, 15], "rotation": 90, "texture": "#0"},
				"up": {"uv": [6, 13, 7, 15], "texture": "#0"},
				"down": {"uv": [4, 9, 5, 11], "texture": "#0"}
			}
		},
		{
			"from": [3, 3, 12],
			"to": [4, 4, 13],
			"rotation": {"angle": 0, "axis": "y", "origin": [3, 3, 12]},
			"faces": {
				"north": {"uv": [13, 14, 14, 15], "texture": "#0"},
				"east": {"uv": [3, 12, 4, 13], "texture": "#0"},
				"south": {"uv": [8, 5, 9, 6], "texture": "#0"},
				"west": {"uv": [8, 13, 9, 14], "rotation": 90, "texture": "#0"},
				"up": {"uv": [6, 13, 7, 14], "texture": "#0"},
				"down": {"uv": [4, 9, 5, 10], "texture": "#0"}
			}
		},
		{
			"from": [12, 3, 3],
			"to": [13, 4, 4],
			"rotation": {"angle": 0, "axis": "y", "origin": [12, 3, 3]},
			"faces": {
				"north": {"uv": [13, 14, 14, 15], "texture": "#0"},
				"east": {"uv": [3, 12, 4, 13], "texture": "#0"},
				"south": {"uv": [8, 5, 9, 6], "texture": "#0"},
				"west": {"uv": [8, 13, 9, 14], "rotation": 90, "texture": "#0"},
				"up": {"uv": [6, 13, 7, 14], "texture": "#0"},
				"down": {"uv": [4, 9, 5, 10], "texture": "#0"}
			}
		},
		{
			"from": [12, 3, 12],
			"to": [13, 4, 13],
			"rotation": {"angle": 0, "axis": "y", "origin": [12, 3, 12]},
			"faces": {
				"north": {"uv": [13, 14, 14, 15], "texture": "#0"},
				"east": {"uv": [3, 12, 4, 13], "texture": "#0"},
				"south": {"uv": [8, 5, 9, 6], "texture": "#0"},
				"west": {"uv": [8, 13, 9, 14], "rotation": 90, "texture": "#0"},
				"up": {"uv": [6, 13, 7, 14], "texture": "#0"},
				"down": {"uv": [4, 9, 5, 10], "texture": "#0"}
			}
		},
		{
			"from": [12, 3, 7],
			"to": [13, 4, 9],
			"rotation": {"angle": 0, "axis": "y", "origin": [12, 3, 8]},
			"faces": {
				"north": {"uv": [13, 12, 14, 13], "texture": "#0"},
				"east": {"uv": [3, 12, 5, 13], "texture": "#0"},
				"south": {"uv": [8, 5, 9, 6], "texture": "#0"},
				"west": {"uv": [8, 13, 9, 15], "rotation": 90, "texture": "#0"},
				"up": {"uv": [6, 13, 7, 15], "texture": "#0"},
				"down": {"uv": [4, 9, 5, 11], "texture": "#0"}
			}
		},
		{
			"from": [7, 3, 3],
			"to": [9, 4, 4],
			"rotation": {"angle": 0, "axis": "y", "origin": [6.5, 3.5, 4]},
			"faces": {
				"north": {"uv": [8, 13, 9, 15], "rotation": 90, "texture": "#0"},
				"east": {"uv": [13, 12, 14, 13], "texture": "#0"},
				"south": {"uv": [3, 12, 5, 13], "texture": "#0"},
				"west": {"uv": [8, 5, 9, 6], "texture": "#0"},
				"up": {"uv": [6, 13, 7, 15], "rotation": 90, "texture": "#0"},
				"down": {"uv": [4, 9, 5, 11], "rotation": 270, "texture": "#0"}
			}
		},
		{
			"from": [7, 3, 12],
			"to": [9, 4, 13],
			"rotation": {"angle": 0, "axis": "y", "origin": [6.5, 3.5, 13]},
			"faces": {
				"north": {"uv": [8, 13, 9, 15], "rotation": 90, "texture": "#0"},
				"east": {"uv": [13, 12, 14, 13], "texture": "#0"},
				"south": {"uv": [3, 12, 5, 13], "texture": "#0"},
				"west": {"uv": [8, 5, 9, 6], "texture": "#0"},
				"up": {"uv": [6, 13, 7, 15], "rotation": 90, "texture": "#0"},
				"down": {"uv": [4, 9, 5, 11], "rotation": 270, "texture": "#0"}
			}
		},
		{
			"from": [12.9, 5.4, 7.1],
			"to": [13.9, 7.4, 8.9],
			"rotation": {"angle": -22.5, "axis": "z", "origin": [8.9, 6.9, 8]},
			"faces": {
				"north": {"uv": [12, 8, 13, 10], "texture": "#0"},
				"east": {"uv": [3, 9, 4.8, 11], "texture": "#0"},
				"south": {"uv": [8, 2, 9, 4], "texture": "#0"},
				"west": {"uv": [6, 9, 8, 10.8], "rotation": 90, "texture": "#0"},
				"up": {"uv": [8, 11, 9, 12.8], "texture": "#0"},
				"down": {"uv": [4, 7, 5, 8.8], "texture": "#0"}
			}
		},
		{
			"from": [7.1, 5.4, 2.1],
			"to": [8.9, 7.4, 3.1],
			"rotation": {"angle": -22.5, "axis": "x", "origin": [8, 6.9, 7.1]},
			"faces": {
				"north": {"uv": [7, 9, 9, 10.8], "rotation": 90, "texture": "#0"},
				"east": {"uv": [13, 9, 14, 11], "texture": "#0"},
				"south": {"uv": [3, 9, 4.8, 11], "texture": "#0"},
				"west": {"uv": [6, 1, 7, 3], "texture": "#0"},
				"up": {"uv": [8, 11, 9, 12.8], "rotation": 90, "texture": "#0"},
				"down": {"uv": [4, 7, 5, 8.8], "rotation": 270, "texture": "#0"}
			}
		},
		{
			"from": [2.1, 5.4, 7.1],
			"to": [3.1, 7.4, 8.9],
			"rotation": {"angle": 22.5, "axis": "z", "origin": [7.1, 6.9, 8]},
			"faces": {
				"north": {"uv": [12, 8, 13, 10], "texture": "#0"},
				"east": {"uv": [3, 9, 4.8, 11], "texture": "#0"},
				"south": {"uv": [8, 2, 9, 4], "texture": "#0"},
				"west": {"uv": [6, 9, 8, 10.8], "rotation": 90, "texture": "#0"},
				"up": {"uv": [8, 11, 9, 12.8], "texture": "#0"},
				"down": {"uv": [4, 7, 5, 8.8], "texture": "#0"}
			}
		},
		{
			"from": [7.1, 5.4, 12.9],
			"to": [8.9, 7.4, 13.9],
			"rotation": {"angle": 22.5, "axis": "x", "origin": [8, 6.9, 8.9]},
			"faces": {
				"north": {"uv": [7, 9, 9, 10.8], "rotation": 90, "texture": "#0"},
				"east": {"uv": [13, 9, 14, 11], "texture": "#0"},
				"south": {"uv": [3, 9, 4.8, 11], "texture": "#0"},
				"west": {"uv": [6, 1, 7, 3], "texture": "#0"},
				"up": {"uv": [8, 11, 9, 12.8], "rotation": 90, "texture": "#0"},
				"down": {"uv": [4, 7, 5, 8.8], "rotation": 270, "texture": "#0"}
			}
		},
		{
			"from": [7.1, 4.20433, 11.97237],
			"to": [8.9, 6.20433, 12.97237],
			"rotation": {"angle": -22.5, "axis": "x", "origin": [8, 7.05685, 8]},
			"faces": {
				"north": {"uv": [7, 9, 9, 10.8], "rotation": 90, "texture": "#0"},
				"east": {"uv": [13, 9, 14, 11], "texture": "#0"},
				"south": {"uv": [3, 9, 4.8, 11], "texture": "#0"},
				"west": {"uv": [6, 1, 7, 3], "texture": "#0"},
				"up": {"uv": [8, 11, 9, 12.8], "rotation": 90, "texture": "#0"},
				"down": {"uv": [4, 7, 5, 8.8], "rotation": 270, "texture": "#0"}
			}
		},
		{
			"from": [3.02763, 4.20433, 7.1],
			"to": [4.02763, 6.20433, 8.9],
			"rotation": {"angle": -22.5, "axis": "z", "origin": [8, 7.05685, 8]},
			"faces": {
				"north": {"uv": [12, 8, 13, 10], "texture": "#0"},
				"east": {"uv": [3, 9, 4.8, 11], "texture": "#0"},
				"south": {"uv": [8, 2, 9, 4], "texture": "#0"},
				"west": {"uv": [6, 9, 8, 10.8], "rotation": 90, "texture": "#0"},
				"up": {"uv": [8, 11, 9, 12.8], "texture": "#0"},
				"down": {"uv": [4, 7, 5, 8.8], "texture": "#0"}
			}
		},
		{
			"from": [11.97237, 4.20433, 7.1],
			"to": [12.97237, 6.20433, 8.9],
			"rotation": {"angle": 22.5, "axis": "z", "origin": [8, 7.05685, 8]},
			"faces": {
				"north": {"uv": [12, 8, 13, 10], "texture": "#0"},
				"east": {"uv": [3, 9, 4.8, 11], "texture": "#0"},
				"south": {"uv": [8, 2, 9, 4], "texture": "#0"},
				"west": {"uv": [6, 9, 8, 10.8], "rotation": 90, "texture": "#0"},
				"up": {"uv": [8, 11, 9, 12.8], "texture": "#0"},
				"down": {"uv": [4, 7, 5, 8.8], "texture": "#0"}
			}
		},
		{
			"from": [7.1, 4.20433, 3.02763],
			"to": [8.9, 6.20433, 4.02763],
			"rotation": {"angle": 22.5, "axis": "x", "origin": [8, 7.05685, 8]},
			"faces": {
				"north": {"uv": [7, 9, 9, 10.8], "rotation": 90, "texture": "#0"},
				"east": {"uv": [13, 9, 14, 11], "texture": "#0"},
				"south": {"uv": [3, 9, 4.8, 11], "texture": "#0"},
				"west": {"uv": [6, 1, 7, 3], "texture": "#0"},
				"up": {"uv": [8, 11, 9, 12.8], "rotation": 90, "texture": "#0"},
				"down": {"uv": [4, 7, 5, 8.8], "rotation": 270, "texture": "#0"}
			}
		},
		{
			"from": [7.2, 8.67922, 4.79748],
			"to": [8.8, 9.67922, 6.79748],
			"rotation": {"angle": -22.5, "axis": "x", "origin": [8, 4.70685, 7.65]},
			"faces": {
				"north": {"uv": [4, 7, 5, 8.6], "rotation": 90, "texture": "#0"},
				"east": {"uv": [13, 9, 14, 11], "rotation": 270, "texture": "#0"},
				"south": {"uv": [8, 11, 9, 12.6], "rotation": 90, "texture": "#0"},
				"west": {"uv": [6, 1, 7, 3], "rotation": 90, "texture": "#0"},
				"up": {"uv": [7, 9, 9, 10.6], "rotation": 270, "texture": "#0"},
				"down": {"uv": [3, 9, 4.6, 11], "texture": "#0"}
			}
		},
		{
			"from": [4.79748, 8.67922, 7.2],
			"to": [6.79748, 9.67922, 8.8],
			"rotation": {"angle": 22.5, "axis": "z", "origin": [7.65, 4.70685, 8]},
			"faces": {
				"north": {"uv": [12, 8, 13, 10], "rotation": 270, "texture": "#0"},
				"east": {"uv": [8, 11, 9, 12.6], "rotation": 90, "texture": "#0"},
				"south": {"uv": [8, 2, 9, 4], "rotation": 90, "texture": "#0"},
				"west": {"uv": [4, 7, 5, 8.6], "rotation": 90, "texture": "#0"},
				"up": {"uv": [6, 9, 8, 10.6], "rotation": 180, "texture": "#0"},
				"down": {"uv": [3, 9, 4.6, 11], "rotation": 90, "texture": "#0"}
			}
		},
		{
			"from": [9.20252, 8.67922, 7.2],
			"to": [11.20252, 9.67922, 8.8],
			"rotation": {"angle": -22.5, "axis": "z", "origin": [8.35, 4.70685, 8]},
			"faces": {
				"north": {"uv": [12, 8, 13, 10], "rotation": 90, "texture": "#0"},
				"east": {"uv": [4, 7, 5, 8.6], "rotation": 270, "texture": "#0"},
				"south": {"uv": [8, 2, 9, 4], "rotation": 270, "texture": "#0"},
				"west": {"uv": [8, 11, 9, 12.6], "rotation": 270, "texture": "#0"},
				"up": {"uv": [3, 9, 4.6, 11], "rotation": 270, "texture": "#0"},
				"down": {"uv": [6, 9, 8, 10.6], "texture": "#0"}
			}
		},
		{
			"from": [7.2, 8.67922, 9.20252],
			"to": [8.8, 9.67922, 11.20252],
			"rotation": {"angle": 22.5, "axis": "x", "origin": [8, 4.70685, 8.35]},
			"faces": {
				"north": {"uv": [8, 11, 9, 12.6], "rotation": 270, "texture": "#0"},
				"east": {"uv": [13, 9, 14, 11], "rotation": 90, "texture": "#0"},
				"south": {"uv": [4, 7, 5, 8.6], "rotation": 270, "texture": "#0"},
				"west": {"uv": [6, 1, 7, 3], "rotation": 270, "texture": "#0"},
				"up": {"uv": [3, 9, 4.6, 11], "texture": "#0"},
				"down": {"uv": [7, 9, 9, 10.6], "rotation": 270, "texture": "#0"}
			}
		},
		{
			"from": [7.3, 6.42372, 3.9142],
			"to": [8.7, 7.42372, 5.9142],
			"rotation": {"angle": 22.5, "axis": "x", "origin": [8, 5.47986, 8.4]},
			"faces": {
				"north": {"uv": [4, 7, 5, 8.4], "rotation": 90, "texture": "#0"},
				"east": {"uv": [13, 9, 14, 11], "rotation": 270, "texture": "#0"},
				"south": {"uv": [8, 11, 9, 12.4], "rotation": 90, "texture": "#0"},
				"west": {"uv": [6, 1, 7, 3], "rotation": 90, "texture": "#0"},
				"up": {"uv": [7, 9, 9, 10.4], "rotation": 270, "texture": "#0"},
				"down": {"uv": [3, 9, 4.4, 11], "texture": "#0"}
			}
		},
		{
			"from": [10.0858, 6.42372, 7.3],
			"to": [12.0858, 7.42372, 8.7],
			"rotation": {"angle": 22.5, "axis": "z", "origin": [7.6, 5.47986, 8]},
			"faces": {
				"north": {"uv": [12, 8, 13, 10], "rotation": 90, "texture": "#0"},
				"east": {"uv": [4, 7, 5, 8.4], "rotation": 270, "texture": "#0"},
				"south": {"uv": [8, 2, 9, 4], "rotation": 270, "texture": "#0"},
				"west": {"uv": [8, 11, 9, 12.4], "rotation": 270, "texture": "#0"},
				"up": {"uv": [3, 9, 4.4, 11], "rotation": 270, "texture": "#0"},
				"down": {"uv": [6, 9, 8, 10.4], "texture": "#0"}
			}
		},
		{
			"from": [7.3, 6.42372, 10.0858],
			"to": [8.7, 7.42372, 12.0858],
			"rotation": {"angle": -22.5, "axis": "x", "origin": [8, 5.47986, 7.6]},
			"faces": {
				"north": {"uv": [8, 11, 9, 12.6], "rotation": 270, "texture": "#0"},
				"east": {"uv": [13, 9, 14, 11], "rotation": 90, "texture": "#0"},
				"south": {"uv": [4, 7, 5, 8.6], "rotation": 270, "texture": "#0"},
				"west": {"uv": [6, 1, 7, 3], "rotation": 270, "texture": "#0"},
				"up": {"uv": [3, 9, 4.6, 11], "texture": "#0"},
				"down": {"uv": [7, 9, 9, 10.6], "rotation": 270, "texture": "#0"}
			}
		},
		{
			"from": [3.9142, 6.42372, 7.3],
			"to": [5.9142, 7.42372, 8.7],
			"rotation": {"angle": -22.5, "axis": "z", "origin": [8.4, 5.47986, 8]},
			"faces": {
				"north": {"uv": [12, 8, 13, 10], "rotation": 270, "texture": "#0"},
				"east": {"uv": [8, 11, 9, 12.4], "rotation": 90, "texture": "#0"},
				"south": {"uv": [8, 2, 9, 4], "rotation": 90, "texture": "#0"},
				"west": {"uv": [4, 7, 5, 8.4], "rotation": 90, "texture": "#0"},
				"up": {"uv": [6, 9, 8, 10.4], "rotation": 180, "texture": "#0"},
				"down": {"uv": [3, 9, 4.4, 11], "rotation": 90, "texture": "#0"}
			}
		},
		{
			"from": [12.75, 5.4, 7],
			"to": [13.75, 6.4, 9],
			"rotation": {"angle": 0, "axis": "z", "origin": [8, 5.9, 8]},
			"faces": {
				"north": {"uv": [12, 8, 13, 9], "texture": "#0"},
				"east": {"uv": [3, 9, 5, 10], "texture": "#0"},
				"south": {"uv": [8, 2, 9, 3], "texture": "#0"},
				"west": {"uv": [6, 9, 7, 11], "rotation": 90, "texture": "#0"},
				"up": {"uv": [8, 11, 9, 13], "texture": "#0"},
				"down": {"uv": [4, 7, 5, 9], "texture": "#0"}
			}
		},
		{
			"from": [7, 5.4, 2.25],
			"to": [9, 6.4, 3.25],
			"rotation": {"angle": 0, "axis": "x", "origin": [8, 5.9, 8]},
			"faces": {
				"north": {"uv": [7, 9, 8, 11], "rotation": 90, "texture": "#0"},
				"east": {"uv": [13, 9, 14, 10], "texture": "#0"},
				"south": {"uv": [3, 9, 5, 10], "texture": "#0"},
				"west": {"uv": [6, 1, 7, 2], "texture": "#0"},
				"up": {"uv": [8, 11, 9, 13], "rotation": 90, "texture": "#0"},
				"down": {"uv": [4, 7, 5, 9], "rotation": 270, "texture": "#0"}
			}
		},
		{
			"from": [7, 5.4, 12.75],
			"to": [9, 6.4, 13.75],
			"rotation": {"angle": 0, "axis": "x", "origin": [8, 5.9, 8]},
			"faces": {
				"north": {"uv": [7, 9, 8, 11], "rotation": 90, "texture": "#0"},
				"east": {"uv": [13, 9, 14, 10], "texture": "#0"},
				"south": {"uv": [3, 9, 5, 10], "texture": "#0"},
				"west": {"uv": [6, 1, 7, 2], "texture": "#0"},
				"up": {"uv": [8, 11, 9, 13], "rotation": 90, "texture": "#0"},
				"down": {"uv": [4, 7, 5, 9], "rotation": 270, "texture": "#0"}
			}
		},
		{
			"from": [2.25, 5.4, 7],
			"to": [3.25, 6.4, 9],
			"rotation": {"angle": 0, "axis": "z", "origin": [8, 5.9, 8]},
			"faces": {
				"north": {"uv": [12, 8, 13, 9], "texture": "#0"},
				"east": {"uv": [3, 9, 5, 10], "texture": "#0"},
				"south": {"uv": [8, 2, 9, 3], "texture": "#0"},
				"west": {"uv": [6, 9, 7, 11], "rotation": 90, "texture": "#0"},
				"up": {"uv": [8, 11, 9, 13], "texture": "#0"},
				"down": {"uv": [4, 7, 5, 9], "texture": "#0"}
			}
		},
		{
			"from": [12, 0, 4],
			"to": [13, 3, 12],
			"rotation": {"angle": 0, "axis": "y", "origin": [12, 0, 4]},
			"faces": {
				"north": {"uv": [0, 0, 1, 3], "texture": "#0"},
				"east": {"uv": [1, 12, 9, 15], "texture": "#0"},
				"south": {"uv": [0, 0, 1, 3], "texture": "#0"},
				"west": {"uv": [1, 12, 9, 15], "texture": "#0"},
				"up": {"uv": [11, 6, 12, 14], "texture": "#0"},
				"down": {"uv": [15, 5, 16, 13], "texture": "#0"}
			}
		},
		{
			"from": [6.5, 7.25, 6.5],
			"to": [9.5, 8.25, 9.5],
			"rotation": {"angle": -45, "axis": "y", "origin": [8, 7.75, 8]},
			"faces": {
				"north": {"uv": [4, 7, 7, 8], "texture": "#0"},
				"east": {"uv": [10, 8, 13, 9], "texture": "#0"},
				"south": {"uv": [7, 9, 10, 10], "texture": "#0"},
				"west": {"uv": [7, 5, 10, 6], "texture": "#0"},
				"up": {"uv": [7, 6, 10, 9], "texture": "#0"},
				"down": {"uv": [7, 6, 10, 9], "texture": "#0"}
			}
		},
		{
			"from": [4, 1, 4],
			"to": [12, 5, 12],
			"rotation": {"angle": 0, "axis": "y", "origin": [4, 1, 4]},
			"faces": {
				"north": {"uv": [0, 1, 8, 5], "texture": "#1"},
				"east": {"uv": [8, 10, 16, 14], "texture": "#1"},
				"south": {"uv": [5, 4, 13, 8], "texture": "#1"},
				"west": {"uv": [2, 8, 10, 12], "texture": "#1"},
				"up": {"uv": [5, 8, 13, 16], "texture": "#1"},
				"down": {"uv": [7, 3, 15, 11], "texture": "#1"}
			}
		},
		{
			"from": [5, 5, 4],
			"to": [11, 6, 12],
			"rotation": {"angle": 0, "axis": "y", "origin": [4, 5, 4]},
			"faces": {
				"north": {"uv": [5, 10, 11, 11], "texture": "#1"},
				"east": {"uv": [4, 6, 12, 7], "texture": "#1"},
				"south": {"uv": [2, 9, 8, 10], "texture": "#1"},
				"west": {"uv": [3, 5, 11, 6], "texture": "#1"},
				"up": {"uv": [3, 6, 9, 14], "texture": "#1"},
				"down": {"uv": [8, 2, 14, 10], "texture": "#1"}
			}
		},
		{
			"from": [5, 6, 5],
			"to": [11, 7, 11],
			"rotation": {"angle": 0, "axis": "y", "origin": [4, 6, 4]},
			"faces": {
				"north": {"uv": [5, 10, 11, 11], "texture": "#1"},
				"east": {"uv": [4, 6, 10, 7], "texture": "#1"},
				"south": {"uv": [2, 9, 8, 10], "texture": "#1"},
				"west": {"uv": [3, 5, 9, 6], "texture": "#1"},
				"up": {"uv": [3, 6, 9, 12], "texture": "#1"},
				"down": {"uv": [8, 2, 14, 8], "texture": "#1"}
			}
		},
		{
			"from": [11, 5, 5],
			"to": [12, 6, 11],
			"rotation": {"angle": 0, "axis": "y", "origin": [10, 5, 4]},
			"faces": {
				"north": {"uv": [12, 13, 13, 14], "texture": "#1"},
				"east": {"uv": [8, 8, 14, 9], "texture": "#1"},
				"south": {"uv": [4, 11, 5, 12], "texture": "#1"},
				"west": {"uv": [6, 11, 12, 12], "texture": "#1"},
				"up": {"uv": [2, 4, 3, 10], "texture": "#1"},
				"down": {"uv": [4, 2, 5, 8], "texture": "#1"}
			}
		},
		{
			"from": [4, 5, 5],
			"to": [5, 6, 11],
			"rotation": {"angle": 0, "axis": "y", "origin": [3, 5, 4]},
			"faces": {
				"north": {"uv": [8, 9, 9, 10], "texture": "#1"},
				"east": {"uv": [4, 6, 10, 7], "texture": "#1"},
				"south": {"uv": [7, 3, 8, 4], "texture": "#1"},
				"west": {"uv": [7, 11, 13, 12], "texture": "#1"},
				"up": {"uv": [3, 9, 4, 15], "texture": "#1"},
				"down": {"uv": [12, 6, 13, 12], "texture": "#1"}
			}
		}
	],
	"display": {
		"thirdperson_righthand": {
			"rotation": [-20, 0, 0],
			"translation": [0, 2.25, -1.5],
			"scale": [0.5, 0.5, 0.5]
		},
		"thirdperson_lefthand": {
			"rotation": [-20, 0, 0],
			"translation": [0, 2.25, -1.5],
			"scale": [0.5, 0.5, 0.5]
		},
		"firstperson_righthand": {
			"rotation": [15, 0, 15],
			"translation": [-1.75, 7.5, 2.75],
			"scale": [0.6, 0.6, 0.6]
		},
		"firstperson_lefthand": {
			"rotation": [15, 0, 15],
			"translation": [-1.75, 7.5, 2.75],
			"scale": [0.6, 0.6, 0.6]
		},
		"ground": {
			"translation": [0, 8, 0]
		},
		"gui": {
			"rotation": [35, 0, 15],
			"translation": [-1, 3.5, 0]
		},
		"head": {
			"translation": [0, 16, 0],
			"scale": [1.5, 1.5, 1.5]
		},
		"fixed": {
			"rotation": [-90, 0, 0],
			"translation": [0, 0, -9.25],
			"scale": [1.6, 1.6, 1.6]
		}
	}
}