{
	"credit": "Made with Blockbench",
	"textures": {
		"0": "block/hat_textures/fez",
		"particle": "block/hat_textures/fez"
	},
	"elements": [
		{
			"from": [5, 0, 5],
			"to": [11, 6, 11],
			"faces": {
				"north": {"uv": [0, 6, 6, 12], "texture": "#0"},
				"east": {"uv": [0, 6, 6, 12], "texture": "#0"},
				"south": {"uv": [6, 6, 12, 12], "texture": "#0"},
				"west": {"uv": [6, 6, 12, 12], "texture": "#0"},
				"up": {"uv": [0, 0, 6, 6], "texture": "#0"},
				"down": {"uv": [6, 0, 12, 6], "texture": "#0"}
			}
		},
		{
			"from": [7.25, 6, 4.25],
			"to": [8.25, 6.5, 8.25],
			"rotation": {"angle": 22.5, "axis": "y", "origin": [7.75, 6.5, 7.75]},
			"faces": {
				"north": {"uv": [14, 5, 15, 6], "texture": "#0"},
				"east": {"uv": [15, 1, 16, 5], "texture": "#0"},
				"south": {"uv": [14, 0, 15, 1], "texture": "#0"},
				"west": {"uv": [13, 1, 14, 5], "texture": "#0"},
				"up": {"uv": [14, 1, 15, 5], "texture": "#0"},
				"down": {"uv": [14, 1, 15, 5], "texture": "#0"}
			}
		},
		{
			"from": [7.25, 1, 4.25],
			"to": [8.25, 6, 5.25],
			"rotation": {"angle": 22.5, "axis": "y", "origin": [7.75, 6.5, 7.75]},
			"faces": {
				"north": {"uv": [14, 8, 15, 13], "texture": "#0"},
				"east": {"uv": [13, 8, 14, 13], "texture": "#0"},
				"south": {"uv": [14, 8, 15, 13], "texture": "#0"},
				"west": {"uv": [15, 8, 16, 13], "texture": "#0"},
				"up": {"uv": [14, 7, 15, 8], "texture": "#0"},
				"down": {"uv": [14, 13, 15, 14], "texture": "#0"}
			}
		}
	],
	"display": {
		"thirdperson_righthand": {
			"translation": [0, 2.75, -2.25],
			"scale": [0.8, 0.8, 0.8]
		},
		"thirdperson_lefthand": {
			"translation": [0, 2.75, -2.25],
			"scale": [0.8, 0.8, 0.8]
		},
		"firstperson_righthand": {
			"rotation": [0, 140, 0],
			"translation": [1.25, 5.5, 0],
			"scale": [0.8, 0.8, 0.8]
		},
		"firstperson_lefthand": {
			"rotation": [0, 140, 0],
			"translation": [1.25, 5.5, 0],
			"scale": [0.8, 0.8, 0.8]
		},
		"ground": {
			"translation": [0, 6, 0]
		},
		"gui": {
			"rotation": [15, 15, 0],
			"translation": [0, 8, 0],
			"scale": [1.75, 1.75, 1.75]
		},
		"head": {
			"translation": [0, 16.25, 0],
			"scale": [1.25, 1.25, 1.25]
		},
		"fixed": {
			"translation": [0, 12, 3.5],
			"scale": [2.5, 2.5, 2.5]
		}
	}
}