{
	"credit": "Made with Blockbench",
	"textures": {
		"1": "block/hat_textures/gibusmain",
		"2": "block/hat_textures/gibusstrap",
		"3": "block/hat_textures/gibusghost",
		"4": "block/hat_textures/tophatblacksmall",
		"particle": "block/hat_textures/gibusghost"
	},
	"elements": [
		{
			"from": [4, 0, 1],
			"to": [12, 1, 15],
			"rotation": {"angle": 0, "axis": "y", "origin": [8, 0.5, 8]},
			"faces": {
				"north": {"uv": [0, 0, 1, 8], "rotation": 90, "texture": "#1"},
				"east": {"uv": [0, 0, 14, 1], "texture": "#1"},
				"south": {"uv": [0, 0, 8, 1], "texture": "#1"},
				"west": {"uv": [0, 0, 14, 1], "texture": "#1"},
				"up": {"uv": [0, 0, 8, 14], "texture": "#1"},
				"down": {"uv": [0, 0, 8, 14], "texture": "#1"}
			}
		},
		{
			"from": [0.75, -3.6, 4],
			"to": [1.75, -2.6, 12],
			"rotation": {"angle": -22.5, "axis": "z", "origin": [11, -2.5, 8]},
			"faces": {
				"north": {"uv": [0, 0, 1, 1], "rotation": 90, "texture": "#1"},
				"east": {"uv": [0, 0, 8, 1], "texture": "#1"},
				"south": {"uv": [0, 0, 1, 1], "texture": "#1"},
				"west": {"uv": [0, 0, 8, 1], "texture": "#1"},
				"up": {"uv": [0, 0, 1, 8], "texture": "#1"},
				"down": {"uv": [0, 0, 1, 8], "texture": "#1"}
			}
		},
		{
			"from": [2, 0, 3],
			"to": [3, 1, 13],
			"rotation": {"angle": 0, "axis": "y", "origin": [2, 0, 0]},
			"faces": {
				"north": {"uv": [0, 0, 1, 1], "rotation": 90, "texture": "#1"},
				"east": {"uv": [0, 0, 10, 1], "texture": "#1"},
				"south": {"uv": [0, 0, 1, 1], "texture": "#1"},
				"west": {"uv": [0, 0, 10, 1], "texture": "#1"},
				"up": {"uv": [0, 0, 1, 10], "texture": "#1"},
				"down": {"uv": [0, 0, 1, 10], "texture": "#1"}
			}
		},
		{
			"from": [3, 0, 2],
			"to": [4, 1, 14],
			"rotation": {"angle": 0, "axis": "y", "origin": [2, 0, 0]},
			"faces": {
				"north": {"uv": [0, 0, 1, 1], "rotation": 90, "texture": "#1"},
				"east": {"uv": [0, 0, 12, 1], "texture": "#1"},
				"south": {"uv": [0, 0, 1, 1], "texture": "#1"},
				"west": {"uv": [0, 0, 12, 1], "texture": "#1"},
				"up": {"uv": [0, 0, 1, 12], "texture": "#1"},
				"down": {"uv": [0, 0, 1, 12], "texture": "#1"}
			}
		},
		{
			"from": [12, 0, 2],
			"to": [13, 1, 14],
			"rotation": {"angle": 0, "axis": "y", "origin": [-2, 0, 0]},
			"faces": {
				"north": {"uv": [0, 0, 1, 1], "rotation": 90, "texture": "#1"},
				"east": {"uv": [0, 0, 12, 1], "texture": "#1"},
				"south": {"uv": [0, 0, 1, 1], "texture": "#1"},
				"west": {"uv": [0, 0, 12, 1], "texture": "#1"},
				"up": {"uv": [0, 0, 1, 12], "texture": "#1"},
				"down": {"uv": [0, 0, 1, 12], "texture": "#1"}
			}
		},
		{
			"from": [13, 0, 3],
			"to": [14, 1, 13],
			"rotation": {"angle": 0, "axis": "y", "origin": [-2, 0, 0]},
			"faces": {
				"north": {"uv": [0, 0, 1, 1], "rotation": 90, "texture": "#1"},
				"east": {"uv": [0, 0, 10, 1], "texture": "#1"},
				"south": {"uv": [0, 0, 1, 1], "texture": "#1"},
				"west": {"uv": [0, 0, 10, 1], "texture": "#1"},
				"up": {"uv": [0, 0, 1, 10], "texture": "#1"},
				"down": {"uv": [0, 0, 1, 10], "texture": "#1"}
			}
		},
		{
			"from": [-2.7, -7.6, 6],
			"to": [-1.7, -6.6, 10],
			"rotation": {"angle": -45, "axis": "z", "origin": [9.3, -7.1, 8]},
			"faces": {
				"north": {"uv": [0, 0, 1, 1], "rotation": 90, "texture": "#1"},
				"east": {"uv": [0, 0, 4, 1], "texture": "#1"},
				"south": {"uv": [0, 0, 1, 1], "texture": "#1"},
				"west": {"uv": [0, 0, 4, 1], "texture": "#1"},
				"up": {"uv": [0, 0, 1, 4], "texture": "#1"},
				"down": {"uv": [0, 0, 1, 4], "texture": "#1"}
			}
		},
		{
			"from": [17.65, -7.6, 6],
			"to": [18.65, -6.6, 10],
			"rotation": {"angle": 45, "axis": "z", "origin": [6.65, -7.1, 8]},
			"faces": {
				"north": {"uv": [0, 0, 1, 1], "rotation": 90, "texture": "#1"},
				"east": {"uv": [0, 0, 4, 1], "texture": "#1"},
				"south": {"uv": [0, 0, 1, 1], "texture": "#1"},
				"west": {"uv": [0, 0, 4, 1], "texture": "#1"},
				"up": {"uv": [0, 0, 1, 4], "texture": "#1"},
				"down": {"uv": [0, 0, 1, 4], "texture": "#1"}
			}
		},
		{
			"from": [14.25, -3.6, 4],
			"to": [15.25, -2.6, 12],
			"rotation": {"angle": 22.5, "axis": "z", "origin": [5, -2.5, 8]},
			"faces": {
				"north": {"uv": [0, 0, 1, 1], "rotation": 90, "texture": "#1"},
				"east": {"uv": [0, 0, 8, 1], "texture": "#1"},
				"south": {"uv": [0, 0, 1, 1], "texture": "#1"},
				"west": {"uv": [0, 0, 8, 1], "texture": "#1"},
				"up": {"uv": [0, 0, 1, 8], "texture": "#1"},
				"down": {"uv": [0, 0, 1, 8], "texture": "#1"}
			}
		},
		{
			"from": [5, 1, 3],
			"to": [11, 3, 13],
			"faces": {
				"north": {"uv": [5, 5, 11, 7], "texture": "#2"},
				"east": {"uv": [4, 4, 14, 6], "texture": "#2"},
				"south": {"uv": [1, 5, 7, 7], "texture": "#2"},
				"west": {"uv": [6, 4, 16, 6], "texture": "#2"},
				"up": {"uv": [7, 3, 13, 13], "texture": "#2"},
				"down": {"uv": [5, 4, 11, 14], "texture": "#2"}
			}
		},
		{
			"from": [12, 1, 5],
			"to": [13, 3, 11],
			"faces": {
				"north": {"uv": [4, 4, 5, 6], "texture": "#2"},
				"east": {"uv": [9, 5, 15, 7], "texture": "#2"},
				"south": {"uv": [3, 3, 4, 5], "texture": "#2"},
				"west": {"uv": [4, 4, 10, 6], "texture": "#2"},
				"up": {"uv": [6, 7, 7, 13], "texture": "#2"},
				"down": {"uv": [2, 3, 3, 9], "texture": "#2"}
			}
		},
		{
			"from": [3, 1, 5],
			"to": [4, 3, 11],
			"faces": {
				"north": {"uv": [11, 8, 12, 10], "texture": "#2"},
				"east": {"uv": [5, 5, 11, 7], "texture": "#2"},
				"south": {"uv": [6, 4, 7, 6], "texture": "#2"},
				"west": {"uv": [7, 7, 13, 9], "texture": "#2"},
				"up": {"uv": [8, 7, 9, 13], "texture": "#2"},
				"down": {"uv": [6, 6, 7, 12], "texture": "#2"}
			}
		},
		{
			"from": [4, 1, 4],
			"to": [5, 3, 12],
			"faces": {
				"north": {"uv": [10, 1, 11, 3], "texture": "#2"},
				"east": {"uv": [2, 5, 10, 7], "texture": "#2"},
				"south": {"uv": [3, 1, 4, 3], "texture": "#2"},
				"west": {"uv": [4, 4, 12, 6], "texture": "#2"},
				"up": {"uv": [5, 7, 6, 15], "texture": "#2"},
				"down": {"uv": [10, 4, 11, 12], "texture": "#2"}
			}
		},
		{
			"from": [11, 1, 4],
			"to": [12, 3, 12],
			"faces": {
				"north": {"uv": [9, 8, 10, 10], "texture": "#2"},
				"east": {"uv": [5, 3, 13, 5], "texture": "#2"},
				"south": {"uv": [10, 6, 11, 8], "texture": "#2"},
				"west": {"uv": [6, 4, 14, 6], "texture": "#2"},
				"up": {"uv": [6, 6, 7, 14], "texture": "#2"},
				"down": {"uv": [3, 2, 4, 10], "texture": "#2"}
			}
		},
		{
			"from": [12, 3, 5],
			"to": [13, 8, 11],
			"faces": {
				"north": {"uv": [14, 1, 15, 6], "texture": "#1"},
				"east": {"uv": [3, 1, 9, 6], "texture": "#1"},
				"south": {"uv": [1, 0, 2, 5], "texture": "#1"},
				"west": {"uv": [7, 1, 13, 6], "texture": "#1"},
				"up": {"uv": [7, 2, 8, 8], "texture": "#1"},
				"down": {"uv": [10, 4, 11, 10], "texture": "#1"}
			}
		},
		{
			"from": [11, 3, 4],
			"to": [12, 8, 12],
			"faces": {
				"north": {"uv": [4, 0, 5, 5], "texture": "#1"},
				"east": {"uv": [5, 0, 13, 5], "texture": "#1"},
				"south": {"uv": [2, 1, 3, 6], "texture": "#1"},
				"west": {"uv": [8, 1, 16, 6], "texture": "#1"},
				"up": {"uv": [11, 4, 12, 12], "texture": "#4"},
				"down": {"uv": [5, 6, 6, 14], "texture": "#1"}
			}
		},
		{
			"from": [5, 3, 3],
			"to": [11, 8, 13],
			"faces": {
				"north": {"uv": [1, 1, 7, 6], "texture": "#1"},
				"east": {"uv": [5, 1, 15, 6], "texture": "#1"},
				"south": {"uv": [3, 1, 9, 6], "texture": "#1"},
				"west": {"uv": [6, 1, 16, 6], "texture": "#1"},
				"up": {"uv": [5, 3, 11, 13], "texture": "#4"},
				"down": {"uv": [4, 4, 10, 14], "texture": "#1"}
			}
		},
		{
			"from": [3, 3, 5],
			"to": [4, 8, 11],
			"faces": {
				"north": {"uv": [7, 2, 8, 7], "texture": "#1"},
				"east": {"uv": [1, 1, 7, 6], "texture": "#1"},
				"south": {"uv": [5, 1, 6, 6], "texture": "#1"},
				"west": {"uv": [8, 0, 14, 5], "texture": "#1"},
				"up": {"uv": [13, 7, 14, 13], "texture": "#1"},
				"down": {"uv": [9, 6, 10, 12], "texture": "#1"}
			}
		},
		{
			"from": [4, 3, 4],
			"to": [5, 8, 12],
			"faces": {
				"north": {"uv": [6, 2, 7, 7], "texture": "#1"},
				"east": {"uv": [7, 1, 15, 6], "texture": "#1"},
				"south": {"uv": [2, 0, 3, 5], "texture": "#1"},
				"west": {"uv": [7, 1, 15, 6], "texture": "#1"},
				"up": {"uv": [4, 4, 5, 12], "texture": "#4"},
				"down": {"uv": [2, 3, 3, 11], "texture": "#1"}
			}
		},
		{
			"from": [4, 8, 11],
			"to": [5, 9, 12],
			"faces": {
				"north": {"uv": [6, 4, 7, 5], "texture": "#1"},
				"east": {"uv": [7, 3, 8, 4], "texture": "#1"},
				"south": {"uv": [2, 2, 3, 3], "texture": "#1"},
				"west": {"uv": [7, 3, 8, 4], "texture": "#1"},
				"up": {"uv": [4, 7, 5, 8], "texture": "#1"},
				"down": {"uv": [2, 5, 3, 6], "texture": "#1"}
			}
		},
		{
			"from": [3, 8, 5],
			"to": [4, 9, 11],
			"faces": {
				"north": {"uv": [7, 4, 8, 5], "texture": "#1"},
				"east": {"uv": [1, 3, 7, 4], "texture": "#1"},
				"south": {"uv": [5, 3, 6, 4], "texture": "#1"},
				"west": {"uv": [8, 2, 14, 3], "texture": "#1"},
				"up": {"uv": [13, 9, 14, 15], "texture": "#1"},
				"down": {"uv": [9, 8, 10, 14], "texture": "#1"}
			}
		},
		{
			"from": [5, 8, 12],
			"to": [11, 9, 13],
			"faces": {
				"north": {"uv": [1, 3, 7, 4], "texture": "#1"},
				"east": {"uv": [5, 3, 6, 4], "texture": "#1"},
				"south": {"uv": [3, 3, 9, 4], "texture": "#1"},
				"west": {"uv": [6, 3, 7, 4], "texture": "#1"},
				"up": {"uv": [3, 7, 9, 8], "texture": "#1"},
				"down": {"uv": [4, 6, 10, 7], "texture": "#1"}
			}
		},
		{
			"from": [11, 8, 11],
			"to": [12, 9, 12],
			"faces": {
				"north": {"uv": [4, 2, 5, 3], "texture": "#1"},
				"east": {"uv": [5, 2, 6, 3], "texture": "#1"},
				"south": {"uv": [2, 3, 3, 4], "texture": "#1"},
				"west": {"uv": [8, 3, 9, 4], "texture": "#1"},
				"up": {"uv": [6, 5, 7, 6], "texture": "#1"},
				"down": {"uv": [5, 8, 6, 9], "texture": "#1"}
			}
		},
		{
			"from": [5, 8, 3],
			"to": [11, 9, 4],
			"faces": {
				"north": {"uv": [1, 3, 7, 4], "texture": "#1"},
				"east": {"uv": [5, 3, 6, 4], "texture": "#1"},
				"south": {"uv": [3, 3, 9, 4], "texture": "#1"},
				"west": {"uv": [6, 3, 7, 4], "texture": "#1"},
				"up": {"uv": [3, 7, 9, 8], "texture": "#1"},
				"down": {"uv": [4, 6, 10, 7], "texture": "#1"}
			}
		},
		{
			"from": [4, 8, 4],
			"to": [5, 9, 5],
			"faces": {
				"north": {"uv": [6, 4, 7, 5], "texture": "#1"},
				"east": {"uv": [7, 3, 8, 4], "texture": "#1"},
				"south": {"uv": [2, 2, 3, 3], "texture": "#1"},
				"west": {"uv": [7, 3, 8, 4], "texture": "#1"},
				"up": {"uv": [4, 7, 5, 8], "texture": "#1"},
				"down": {"uv": [2, 5, 3, 6], "texture": "#1"}
			}
		},
		{
			"from": [11, 8, 4],
			"to": [12, 9, 5],
			"faces": {
				"north": {"uv": [4, 2, 5, 3], "texture": "#1"},
				"east": {"uv": [5, 2, 6, 3], "texture": "#1"},
				"south": {"uv": [2, 3, 3, 4], "texture": "#1"},
				"west": {"uv": [8, 3, 9, 4], "texture": "#1"},
				"up": {"uv": [6, 5, 7, 6], "texture": "#1"},
				"down": {"uv": [5, 8, 6, 9], "texture": "#1"}
			}
		},
		{
			"from": [12, 8, 5],
			"to": [13, 9, 11],
			"faces": {
				"north": {"uv": [14, 3, 15, 4], "texture": "#1"},
				"east": {"uv": [3, 3, 9, 4], "texture": "#1"},
				"south": {"uv": [1, 2, 2, 3], "texture": "#1"},
				"west": {"uv": [7, 3, 13, 4], "texture": "#1"},
				"up": {"uv": [7, 4, 8, 10], "texture": "#1"},
				"down": {"uv": [10, 6, 11, 12], "texture": "#1"}
			}
		},
		{
			"from": [4, 9, 4],
			"to": [5, 10, 12],
			"rotation": {"angle": -22.5, "axis": "z", "origin": [12.75, 9.25, 8]},
			"faces": {
				"north": {"uv": [6, 2, 7, 3], "texture": "#1"},
				"east": {"uv": [7, 1, 15, 2], "texture": "#1"},
				"south": {"uv": [2, 0, 3, 1], "texture": "#1"},
				"west": {"uv": [7, 1, 15, 2], "texture": "#1"},
				"up": {"uv": [4, 5, 5, 13], "texture": "#1"},
				"down": {"uv": [2, 3, 3, 11], "texture": "#1"}
			}
		},
		{
			"from": [3, 9, 5],
			"to": [4, 10, 11],
			"rotation": {"angle": -22.5, "axis": "z", "origin": [12.75, 9.25, 8]},
			"faces": {
				"north": {"uv": [7, 2, 8, 3], "texture": "#1"},
				"east": {"uv": [1, 1, 7, 2], "texture": "#1"},
				"south": {"uv": [5, 1, 6, 2], "texture": "#1"},
				"west": {"uv": [8, 0, 14, 1], "texture": "#1"},
				"up": {"uv": [13, 7, 14, 13], "texture": "#1"},
				"down": {"uv": [9, 6, 10, 12], "texture": "#1"}
			}
		},
		{
			"from": [5, 9, 3],
			"to": [11, 10, 13],
			"rotation": {"angle": -22.5, "axis": "z", "origin": [12.75, 9.25, 8]},
			"faces": {
				"north": {"uv": [1, 1, 7, 2], "texture": "#1"},
				"east": {"uv": [5, 1, 15, 2], "texture": "#1"},
				"south": {"uv": [3, 1, 9, 2], "texture": "#1"},
				"west": {"uv": [6, 1, 16, 2], "texture": "#1"},
				"up": {"uv": [3, 5, 9, 15], "texture": "#1"},
				"down": {"uv": [4, 4, 10, 14], "texture": "#1"}
			}
		},
		{
			"from": [11, 9, 4],
			"to": [12, 10, 12],
			"rotation": {"angle": -22.5, "axis": "z", "origin": [12.75, 9.25, 8]},
			"faces": {
				"north": {"uv": [4, 0, 5, 1], "texture": "#1"},
				"east": {"uv": [5, 0, 13, 1], "texture": "#1"},
				"south": {"uv": [2, 1, 3, 2], "texture": "#1"},
				"west": {"uv": [8, 1, 16, 2], "texture": "#1"},
				"up": {"uv": [6, 3, 7, 11], "texture": "#1"},
				"down": {"uv": [5, 6, 6, 14], "texture": "#1"}
			}
		},
		{
			"from": [12, 9, 5],
			"to": [13, 10, 11],
			"rotation": {"angle": -22.5, "axis": "z", "origin": [12.75, 9.25, 8]},
			"faces": {
				"north": {"uv": [14, 1, 15, 2], "texture": "#1"},
				"east": {"uv": [3, 1, 9, 2], "texture": "#1"},
				"south": {"uv": [1, 0, 2, 1], "texture": "#1"},
				"west": {"uv": [7, 1, 13, 2], "texture": "#1"},
				"up": {"uv": [7, 2, 8, 8], "texture": "#1"},
				"down": {"uv": [10, 4, 11, 10], "texture": "#1"}
			}
		},
		{
			"from": [4.5, 10.75, 7],
			"to": [5.5, 12.25, 8],
			"rotation": {"angle": 0, "axis": "z", "origin": [5, 11.75, 7]},
			"faces": {
				"north": {"uv": [0, 6, 4, 12], "texture": "#3"},
				"east": {"uv": [0, 6, 4, 12], "texture": "#3"},
				"south": {"uv": [0, 6, 4, 12], "texture": "#3"},
				"west": {"uv": [0, 6, 4, 12], "texture": "#3"},
				"up": {"uv": [0, 6, 4, 12], "texture": "#3"},
				"down": {"uv": [0, 6, 4, 12], "texture": "#3"}
			}
		},
		{
			"from": [4.75, 8.69082, 7.70932],
			"to": [5.25, 10.69082, 8.20932],
			"rotation": {"angle": 22.5, "axis": "x", "origin": [5, 11.75, 7]},
			"faces": {
				"north": {"uv": [0, 0, 2, 8], "texture": "#3"},
				"east": {"uv": [0, 0, 2, 8], "texture": "#3"},
				"south": {"uv": [0, 0, 2, 8], "texture": "#3"},
				"west": {"uv": [0, 0, 2, 8], "texture": "#3"},
				"up": {"uv": [0, 0, 2, 8], "texture": "#3"},
				"down": {"uv": [0, 0, 2, 8], "texture": "#3"}
			}
		},
		{
			"from": [4.75, 8.30814, 6.71456],
			"to": [5.25, 10.30814, 7.21456],
			"rotation": {"angle": -22.5, "axis": "x", "origin": [5, 11.75, 7]},
			"faces": {
				"north": {"uv": [0, 0, 2, 8], "texture": "#3"},
				"east": {"uv": [0, 0, 2, 8], "texture": "#3"},
				"south": {"uv": [0, 0, 2, 8], "texture": "#3"},
				"west": {"uv": [0, 0, 2, 8], "texture": "#3"},
				"up": {"uv": [0, 0, 2, 8], "texture": "#3"},
				"down": {"uv": [0, 0, 2, 8], "texture": "#3"}
			}
		},
		{
			"from": [5.24738, 8.49948, 7.25],
			"to": [5.74738, 10.49948, 7.75],
			"rotation": {"angle": -22.5, "axis": "z", "origin": [5, 11.75, 7]},
			"faces": {
				"north": {"uv": [0, 0, 2, 8], "texture": "#3"},
				"east": {"uv": [0, 0, 2, 8], "texture": "#3"},
				"south": {"uv": [0, 0, 2, 8], "texture": "#3"},
				"west": {"uv": [0, 0, 2, 8], "texture": "#3"},
				"up": {"uv": [0, 0, 2, 8], "texture": "#3"},
				"down": {"uv": [0, 0, 2, 8], "texture": "#3"}
			}
		},
		{
			"from": [5.19738, 9.49948, 7.25],
			"to": [5.24738, 10.49948, 7.75],
			"rotation": {"angle": -22.5, "axis": "z", "origin": [5, 11.75, 7]},
			"faces": {
				"north": {"uv": [0, 0, 2, 4], "texture": "#2"},
				"east": {"uv": [0, 0, 2, 4], "texture": "#2"},
				"south": {"uv": [0, 0, 2, 4], "texture": "#2"},
				"west": {"uv": [0, 0, 2, 4], "texture": "#2"},
				"up": {"uv": [0, 0, 2, 4], "texture": "#2"},
				"down": {"uv": [0, 0, 2, 4], "texture": "#2"}
			}
		},
		{
			"from": [4.25262, 8.49948, 7.25],
			"to": [4.75262, 10.49948, 7.75],
			"rotation": {"angle": 22.5, "axis": "z", "origin": [5, 11.75, 7]},
			"faces": {
				"north": {"uv": [0, 0, 2, 8], "texture": "#3"},
				"east": {"uv": [0, 0, 2, 8], "texture": "#3"},
				"south": {"uv": [0, 0, 2, 8], "texture": "#3"},
				"west": {"uv": [0, 0, 2, 8], "texture": "#3"},
				"up": {"uv": [0, 0, 2, 8], "texture": "#3"},
				"down": {"uv": [0, 0, 2, 8], "texture": "#3"}
			}
		},
		{
			"from": [4.75, 10.5, 7.25],
			"to": [5.25, 10.75, 7.75],
			"rotation": {"angle": 0, "axis": "z", "origin": [5, 11.75, 7]},
			"faces": {
				"north": {"uv": [6, 6, 8, 7], "texture": "#2"},
				"east": {"uv": [6, 6, 8, 7], "texture": "#2"},
				"south": {"uv": [6, 6, 8, 7], "texture": "#2"},
				"west": {"uv": [6, 6, 8, 7], "texture": "#2"},
				"up": {"uv": [6, 6, 8, 7], "texture": "#2"},
				"down": {"uv": [3, 4, 5, 6], "texture": "#2"}
			}
		}
	],
	"display": {
		"thirdperson_righthand": {
			"translation": [0, 3.75, 0],
			"scale": [0.5, 0.5, 0.5]
		},
		"thirdperson_lefthand": {
			"translation": [0, 3.75, 0],
			"scale": [0.5, 0.5, 0.5]
		},
		"firstperson_righthand": {
			"rotation": [-10, 0, 5],
			"translation": [-0.25, 6.5, 2],
			"scale": [0.5, 0.5, 0.5]
		},
		"firstperson_lefthand": {
			"rotation": [-10, 0, 5],
			"translation": [-0.25, 6.5, 2],
			"scale": [0.5, 0.5, 0.5]
		},
		"ground": {
			"translation": [0, 6, 0]
		},
		"gui": {
			"rotation": [15, 0, 15],
			"translation": [-1, 1.5, 0],
			"scale": [0.75, 0.75, 0.75]
		},
		"head": {
			"rotation": [3, 0, 6],
			"translation": [-2, 15, 0.75],
			"scale": [1.1, 1.1, 1.1]
		}
	},
	"groups": [
		{
			"name": "Rim",
			"origin": [8, -2.5, 8],
			"color": 0,
			"children": [0, 1, 2, 3, 4, 5, 6, 7, 8]
		},
		9,
		10,
		11,
		12,
		13,
		14,
		15,
		16,
		17,
		18,
		19,
		20,
		21,
		22,
		23,
		24,
		25,
		26,
		27,
		28,
		29,
		30,
		31,
		{
			"name": "ghost",
			"origin": [0, 0, 0],
			"color": 0,
			"children": [32, 33, 34, 35, 36, 37, 38]
		}
	]
}