{
	"credit": "Made with Blockbench",
	"ambientocclusion": false,
	"texture_size": [64, 64],
	"textures": {
		"0": "block/hat_textures/horse/horse_brown",
		"particle": "block/hat_textures/horse/horse_brown"
	},
	"elements": [
		{
			"from": [5.5, 17, 10],
			"to": [7.5, 19, 11],
			"faces": {
				"north": {"uv": [5, 4.25, 5.5, 4.75], "texture": "#0"},
				"east": {"uv": [5.75, 4.5, 6, 5], "texture": "#0"},
				"south": {"uv": [5.5, 4, 6, 4.5], "texture": "#0"},
				"west": {"uv": [5.5, 4.5, 5.75, 5], "texture": "#0"},
				"up": {"uv": [5, 4, 5.5, 4.25], "texture": "#0"},
				"down": {"uv": [5, 4.75, 5.5, 5], "texture": "#0"}
			}
		},
		{
			"from": [8.5, 17, 10],
			"to": [10.5, 19, 11],
			"faces": {
				"north": {"uv": [5, 4.25, 5.5, 4.75], "texture": "#0"},
				"east": {"uv": [5.75, 4.5, 6, 5], "texture": "#0"},
				"south": {"uv": [5.5, 4, 6, 4.5], "texture": "#0"},
				"west": {"uv": [5.5, 4.5, 5.75, 5], "texture": "#0"},
				"up": {"uv": [5, 4, 5.5, 4.25], "texture": "#0"},
				"down": {"uv": [5, 4.75, 5.5, 5], "texture": "#0"}
			}
		},
		{
			"from": [5, 12, 4],
			"to": [11, 17, 11],
			"faces": {
				"north": {"uv": [1.75, 5, 3.25, 6.25], "texture": "#0"},
				"east": {"uv": [0, 5, 1.75, 6.25], "texture": "#0"},
				"south": {"uv": [5, 5, 6.5, 6.25], "texture": "#0"},
				"west": {"uv": [3.25, 5, 5, 6.25], "texture": "#0"},
				"up": {"uv": [1.75, 3.25, 3.25, 5], "rotation": 180, "texture": "#0"},
				"down": {"uv": [3.25, 3.25, 4.75, 5], "rotation": 180, "texture": "#0"}
			}
		},
		{
			"from": [6, 12, -1],
			"to": [10, 17, 4],
			"faces": {
				"north": {"uv": [1.25, 7.5, 2.25, 8.75], "texture": "#0"},
				"east": {"uv": [0, 7.5, 1.25, 8.75], "texture": "#0"},
				"south": {"uv": [2.25, 6.25, 3.25, 7.5], "texture": "#0"},
				"west": {"uv": [2.25, 7.5, 3.5, 8.75], "texture": "#0"},
				"up": {"uv": [1.25, 6.25, 2.25, 7.5], "rotation": 180, "texture": "#0"},
				"down": {"uv": [3.5, 7.5, 4.5, 8.75], "rotation": 180, "texture": "#0"}
			}
		}
	],
	"display": {
		"thirdperson_righthand": {
			"translation": [0, -4.25, 3.5]
		},
		"thirdperson_lefthand": {
			"translation": [0, -4.25, 3.5]
		},
		"firstperson_righthand": {
			"rotation": [5, 125, -10],
			"translation": [3, -1.75, 0],
			"scale": [0.8, 0.8, 0.8]
		},
		"firstperson_lefthand": {
			"rotation": [5, 125, -10],
			"translation": [3, -1.75, 0],
			"scale": [0.8, 0.8, 0.8]
		},
		"ground": {
			"rotation": [-20, 0, 0],
			"translation": [0, -2, 6.75],
			"scale": [1.5, 1.5, 1.5]
		},
		"gui": {
			"rotation": [15, 135, 15],
			"translation": [0.5, -7.5, 0],
			"scale": [1.1, 1.1, 1.1]
		},
		"head": {
			"rotation": [-22, 0, 0],
			"translation": [0, -12.5, 6],
			"scale": [2.3, 2.5, 2.5]
		},
		"fixed": {
			"rotation": [-20, 0, 0],
			"translation": [0, -14.25, 2],
			"scale": [2, 2, 2]
		}
	}
}