{
	"credit": "Made with Blockbench",
	"texture_size": [64, 64],
	"textures": {
		"0": "block/hat_textures/9b58ce838037fa2b",
		"particle": "block/hat_textures/9b58ce838037fa2b"
	},
	"elements": [
		{
			"from": [11, 0, 4],
			"to": [12, 8, 12],
			"faces": {
				"north": {"uv": [2, 2, 2.25, 4], "texture": "#0"},
				"east": {"uv": [0, 2, 2, 4], "texture": "#0"},
				"south": {"uv": [6, 2, 6.25, 4], "texture": "#0"},
				"west": {"uv": [4, 0, 6, 2], "texture": "#0"},
				"up": {"uv": [3.75, 0, 4, 2], "texture": "#0"},
				"down": {"uv": [4, 0, 4.25, 2], "texture": "#0"}
			}
		},
		{
			"from": [4, 0, 4],
			"to": [5, 8, 12],
			"faces": {
				"north": {"uv": [3.75, 2, 4, 4], "texture": "#0"},
				"east": {"uv": [4, 0, 6, 2], "texture": "#0"},
				"south": {"uv": [6, 2, 6.25, 4], "texture": "#0"},
				"west": {"uv": [4, 2, 6, 4], "texture": "#0"},
				"up": {"uv": [2, 0, 2.25, 2], "texture": "#0"},
				"down": {"uv": [5.75, 0, 6, 2], "texture": "#0"}
			}
		},
		{
			"from": [5, 0, 11],
			"to": [11, 8, 12],
			"faces": {
				"north": {"uv": [4.25, 0, 5.75, 2], "texture": "#0"},
				"east": {"uv": [0, 2, 0.25, 4], "texture": "#0"},
				"south": {"uv": [6, 2, 7.5, 4], "texture": "#0"},
				"west": {"uv": [4, 2, 4.25, 4], "texture": "#0"},
				"up": {"uv": [2, 0, 3.5, 0.25], "texture": "#0"},
				"down": {"uv": [4.25, 0, 5.75, 0.25], "texture": "#0"}
			}
		},
		{
			"from": [5, 4, 4],
			"to": [11, 8, 5],
			"faces": {
				"north": {"uv": [2.25, 2, 3.75, 3], "texture": "#0"},
				"east": {"uv": [0.25, 2, 0.5, 3], "texture": "#0"},
				"south": {"uv": [6.25, 2, 7.75, 3], "texture": "#0"},
				"west": {"uv": [4.25, 2, 4.5, 3], "texture": "#0"},
				"up": {"uv": [2.25, 0, 3.75, 0.25], "texture": "#0"},
				"down": {"uv": [4.25, 0, 5.75, 0.25], "texture": "#0"}
			}
		},
		{
			"from": [5, 0, 4],
			"to": [11, 3, 5],
			"faces": {
				"north": {"uv": [2.25, 3.25, 3.75, 4], "texture": "#0"},
				"east": {"uv": [0.25, 3.25, 0.5, 4], "texture": "#0"},
				"south": {"uv": [6.25, 3.25, 7.75, 4], "texture": "#0"},
				"west": {"uv": [4.25, 3.25, 4.5, 4], "texture": "#0"},
				"up": {"uv": [4.25, 1.5, 5.75, 1.75], "texture": "#0"},
				"down": {"uv": [4.25, 0.5, 5.75, 0.75], "texture": "#0"}
			}
		},
		{
			"from": [7, 3, 4],
			"to": [9, 4, 5],
			"faces": {
				"north": {"uv": [2.75, 3, 3.25, 3.25], "texture": "#0"},
				"east": {"uv": [2, 3, 2.25, 3.25], "texture": "#0"},
				"south": {"uv": [6, 2, 6.5, 2.25], "texture": "#0"},
				"west": {"uv": [3.75, 3, 4, 3.25], "texture": "#0"},
				"up": {"uv": [2, 0, 2.5, 0.25], "texture": "#0"},
				"down": {"uv": [4, 0, 4.5, 0.25], "texture": "#0"}
			}
		},
		{
			"from": [5, 7, 5],
			"to": [11, 8, 11],
			"faces": {
				"north": {"uv": [2.25, 2, 3.75, 2.25], "texture": "#0"},
				"east": {"uv": [0.25, 2, 1.75, 2.25], "texture": "#0"},
				"south": {"uv": [6.25, 2, 7.75, 2.25], "texture": "#0"},
				"west": {"uv": [4.25, 2, 5.75, 2.25], "texture": "#0"},
				"up": {"uv": [2.25, 0.25, 3.75, 1.75], "texture": "#0"},
				"down": {"uv": [4.25, 0.25, 5.75, 1.75], "texture": "#0"}
			}
		}
	],
	"display": {
		"thirdperson_righthand": {
			"rotation": [75, 45, 0],
			"translation": [0, 2.5, 0],
			"scale": [0.375, 0.375, 0.375]
		},
		"thirdperson_lefthand": {
			"rotation": [75, 45, 0],
			"translation": [0, 2.5, 0],
			"scale": [0.375, 0.375, 0.375]
		},
		"firstperson_righthand": {
			"rotation": [0, 153, 0],
			"translation": [-0.75, 8, 0]
		},
		"firstperson_lefthand": {
			"rotation": [0, 153, 0],
			"translation": [-0.75, 8, 0]
		},
		"ground": {
			"translation": [0, 3, 0],
			"scale": [0.25, 0.25, 0.25]
		},
		"gui": {
			"rotation": [30, 225, 0],
			"translation": [0, 3, 0]
		},
		"head": {
			"translation": [0, 8.25, 0],
			"scale": [2, 2, 2]
		},
		"fixed": {
			"translation": [0, 6.75, 0],
			"scale": [1.7, 1.7, 1.7]
		}
	}
}