{
	"credit": "Made with Blockbench",
	"texture_size": [64, 64],
	"textures": {
		"0": "entity/horse/mule",
		"1": "entity/horse/horse_darkbrown",
		"2": "entity/horse/horse_creamy",
		"particle": "entity/horse/mule"
	},
	"elements": [
		{
			"from": [4, 9, 4],
			"to": [12, 10, 12],
			"faces": {
				"north": {"uv": [12.75, 7, 14.75, 7.25], "texture": "#1"},
				"east": {"uv": [2.5, 12.5, 4.5, 12.75], "texture": "#1"},
				"south": {"uv": [12.5, 8.25, 14.5, 8.5], "texture": "#1"},
				"west": {"uv": [3.5, 11.25, 5.5, 11.5], "rotation": 180, "texture": "#1"},
				"up": {"uv": [12.75, 6.25, 14.75, 8.25], "texture": "#1"},
				"down": {"uv": [12.75, 6.25, 14.75, 8.25], "texture": "#1"}
			}
		},
		{
			"from": [3, 5, 3],
			"to": [4, 9, 13],
			"faces": {
				"north": {"uv": [12, 7.5, 12.25, 8.5], "rotation": 180, "texture": "#1"},
				"east": {"uv": [5.5, 12.5, 8, 13.5], "rotation": 180, "texture": "#1"},
				"south": {"uv": [15.75, 7.5, 16, 8.5], "texture": "#1"},
				"west": {"uv": [5.5, 12.5, 8, 13.5], "rotation": 180, "texture": "#1"},
				"up": {"uv": [2.25, 10.75, 2.5, 13.25], "texture": "#1"},
				"down": {"uv": [2.5, 10.75, 2.25, 13.25], "texture": "#1"}
			}
		},
		{
			"from": [2, 5, 5],
			"to": [3, 8, 12],
			"faces": {
				"north": {"uv": [6, 11.25, 6.25, 12], "texture": "#0"},
				"east": {"uv": [6, 12.25, 7.75, 13], "texture": "#0"},
				"south": {"uv": [7.25, 11, 7.5, 11.75], "texture": "#0"},
				"west": {"uv": [6, 12.25, 7.75, 13], "texture": "#0"},
				"up": {"uv": [5.75, 11, 6, 12.75], "texture": "#0"},
				"down": {"uv": [5.75, 11, 6, 12.75], "texture": "#0"}
			}
		},
		{
			"from": [2, 3, 6],
			"to": [3, 5, 11],
			"faces": {
				"north": {"uv": [6.5, 12, 6.75, 12.5], "texture": "#0"},
				"east": {"uv": [6, 12.25, 7.25, 12.75], "texture": "#0"},
				"south": {"uv": [5.75, 12, 6, 12.5], "texture": "#0"},
				"west": {"uv": [6, 12.25, 7.25, 12.75], "texture": "#0"},
				"up": {"uv": [7.75, 11.5, 8, 12.75], "texture": "#0"},
				"down": {"uv": [7.75, 11.25, 8, 12.5], "texture": "#0"}
			}
		},
		{
			"from": [13, 5, 5],
			"to": [14, 8, 12],
			"faces": {
				"north": {"uv": [6, 11.25, 6.25, 12], "texture": "#0"},
				"east": {"uv": [6, 12.25, 7.75, 13], "texture": "#0"},
				"south": {"uv": [7.25, 11, 7.5, 11.75], "texture": "#0"},
				"west": {"uv": [6, 12.25, 7.75, 13], "texture": "#0"},
				"up": {"uv": [5.75, 11, 6, 12.75], "texture": "#0"},
				"down": {"uv": [5.75, 11, 6, 12.75], "texture": "#0"}
			}
		},
		{
			"from": [13, 3, 6],
			"to": [14, 5, 11],
			"faces": {
				"north": {"uv": [6.5, 12, 6.75, 12.5], "texture": "#0"},
				"east": {"uv": [6, 12.25, 7.25, 12.75], "texture": "#0"},
				"south": {"uv": [5.75, 12, 6, 12.5], "texture": "#0"},
				"west": {"uv": [6, 12.25, 7.25, 12.75], "texture": "#0"},
				"up": {"uv": [7.75, 11.5, 8, 12.75], "texture": "#0"},
				"down": {"uv": [7.75, 11.25, 8, 12.5], "texture": "#0"}
			}
		},
		{
			"from": [1.75, 0, 6.5],
			"to": [2.75, 5, 10.5],
			"rotation": {"angle": 0, "axis": "z", "origin": [2.5, 2.5, 8.5]},
			"faces": {
				"north": {"uv": [7.5, 9.75, 7.75, 11], "texture": "#2"},
				"east": {"uv": [5.75, 9.75, 6.75, 11], "texture": "#2"},
				"south": {"uv": [7.75, 9.5, 8, 10.75], "texture": "#2"},
				"west": {"uv": [6.25, 11.75, 7.25, 13], "rotation": 180, "texture": "#2"},
				"up": {"uv": [7.25, 10.25, 7.5, 11.25], "texture": "#2"},
				"down": {"uv": [6.5, 10.5, 6.75, 11.5], "texture": "#2"}
			}
		},
		{
			"from": [13.5, 0, 6.5],
			"to": [14.5, 5, 10.5],
			"rotation": {"angle": 0, "axis": "z", "origin": [13, 2.5, 8.5]},
			"faces": {
				"north": {"uv": [7.5, 9.75, 7.75, 11], "texture": "#2"},
				"east": {"uv": [5.75, 9.75, 6.75, 11], "texture": "#2"},
				"south": {"uv": [7.75, 9.5, 8, 10.75], "texture": "#2"},
				"west": {"uv": [6.25, 11.75, 7.25, 13], "rotation": 180, "texture": "#2"},
				"up": {"uv": [7.25, 10.25, 7.5, 11.25], "texture": "#2"},
				"down": {"uv": [6.5, 10.5, 6.75, 11.5], "texture": "#2"}
			}
		},
		{
			"from": [3, 4, 4],
			"to": [4, 5, 13],
			"faces": {
				"north": {"uv": [5.5, 12.75, 5.75, 13], "texture": "#1"},
				"east": {"uv": [5.75, 12.75, 8, 13], "texture": "#1"},
				"south": {"uv": [5.75, 13.25, 6, 13.5], "texture": "#1"},
				"west": {"uv": [5.75, 12.75, 8, 13], "texture": "#1"},
				"up": {"uv": [0, 0, 0.25, 2.25], "texture": "#1"},
				"down": {"uv": [5.75, 10.5, 6, 12.75], "texture": "#1"}
			}
		},
		{
			"from": [3, 2, 5],
			"to": [4, 4, 13],
			"faces": {
				"north": {"uv": [5.5, 12.25, 5.75, 12.75], "texture": "#1"},
				"east": {"uv": [5.75, 12.25, 7.75, 12.75], "texture": "#1"},
				"south": {"uv": [5.5, 12.25, 5.75, 12.75], "texture": "#1"},
				"west": {"uv": [5.75, 12.25, 7.75, 12.75], "texture": "#1"},
				"up": {"uv": [0, 0, 0.25, 2], "texture": "#1"},
				"down": {"uv": [5.75, 10, 6, 12], "texture": "#1"}
			}
		},
		{
			"from": [12, 5, 3],
			"to": [13, 9, 13],
			"faces": {
				"north": {"uv": [12, 7.5, 12.25, 8.5], "rotation": 180, "texture": "#1"},
				"east": {"uv": [5.5, 12.5, 8, 13.5], "rotation": 180, "texture": "#1"},
				"south": {"uv": [15.75, 7.5, 16, 8.5], "texture": "#1"},
				"west": {"uv": [5.5, 12.5, 8, 13.5], "rotation": 180, "texture": "#1"},
				"up": {"uv": [2.25, 10.75, 2.5, 13.25], "texture": "#1"},
				"down": {"uv": [2.5, 10.75, 2.25, 13.25], "texture": "#1"}
			}
		},
		{
			"from": [12, 2, 5],
			"to": [13, 4, 13],
			"faces": {
				"north": {"uv": [5.5, 12.25, 5.75, 12.75], "texture": "#1"},
				"east": {"uv": [5.75, 12.25, 7.75, 12.75], "texture": "#1"},
				"south": {"uv": [5.5, 12.25, 5.75, 12.75], "texture": "#1"},
				"west": {"uv": [5.75, 12.25, 7.75, 12.75], "texture": "#1"},
				"up": {"uv": [0, 0, 0.25, 2], "texture": "#1"},
				"down": {"uv": [5.75, 10, 6, 12], "texture": "#1"}
			}
		},
		{
			"from": [12, 4, 4],
			"to": [13, 5, 13],
			"faces": {
				"north": {"uv": [5.5, 12.75, 5.75, 13], "texture": "#1"},
				"east": {"uv": [5.75, 12.75, 8, 13], "texture": "#1"},
				"south": {"uv": [5.75, 13.25, 6, 13.5], "texture": "#1"},
				"west": {"uv": [5.75, 12.75, 8, 13], "texture": "#1"},
				"up": {"uv": [0, 0, 0.25, 2.25], "texture": "#1"},
				"down": {"uv": [5.75, 10.5, 6, 12.75], "texture": "#1"}
			}
		},
		{
			"from": [4, 5, 3],
			"to": [12, 9, 4],
			"faces": {
				"north": {"uv": [14, 12.5, 16, 13.5], "texture": "#1"},
				"east": {"uv": [0, 0, 0.25, 1], "texture": "#1"},
				"south": {"uv": [14, 12.5, 16, 13.5], "texture": "#1"},
				"west": {"uv": [0, 0, 0.25, 1], "texture": "#1"},
				"up": {"uv": [14, 12.25, 16, 12.5], "texture": "#1"},
				"down": {"uv": [14, 12.25, 16, 12.5], "texture": "#1"}
			}
		},
		{
			"from": [4, 2, 12],
			"to": [12, 9, 13],
			"faces": {
				"north": {"uv": [13, 6.75, 15, 8.5], "texture": "#1"},
				"east": {"uv": [0, 0, 0.25, 1.75], "texture": "#1"},
				"south": {"uv": [13, 6.75, 15, 8.5], "rotation": 180, "texture": "#1"},
				"west": {"uv": [0, 0, 0.25, 1.75], "texture": "#1"},
				"up": {"uv": [13.25, 8.25, 15.25, 8.5], "texture": "#1"},
				"down": {"uv": [13, 6.75, 15, 7], "texture": "#1"}
			}
		}
	],
	"display": {
		"thirdperson_righthand": {
			"rotation": [75, 45, 0],
			"translation": [0, 2, 0],
			"scale": [0.375, 0.375, 0.375]
		},
		"thirdperson_lefthand": {
			"rotation": [75, 45, 0],
			"translation": [0, 2, 0],
			"scale": [0.375, 0.375, 0.375]
		},
		"firstperson_righthand": {
			"rotation": [-10, 0, 5],
			"translation": [-0.25, 5.25, 2],
			"scale": [0.5, 0.5, 0.5]
		},
		"firstperson_lefthand": {
			"rotation": [-10, 0, 5],
			"translation": [-0.25, 5.25, 2],
			"scale": [0.5, 0.5, 0.5]
		},
		"ground": {
			"translation": [0, 2, 0],
			"scale": [0.5, 0.5, 0.5]
		},
		"gui": {
			"rotation": [30, 225, 0],
			"translation": [0, 3.25, 0]
		},
		"head": {
			"translation": [0, 6.25, 0],
			"scale": [1.61, 1.61, 1.61]
		},
		"fixed": {
			"translation": [0, 2.5, 0],
			"scale": [1.2, 1.2, 1.2]
		}
	}
}