{
	"credit": "Made with Blockbench",
	"ambientocclusion": false,
	"textures": {
		"0": "block/hat_textures/jif",
		"particle": "block/hat_textures/jif"
	},
	"elements": [
		{
			"from": [5.25, 0, 6],
			"to": [10.75, 7, 10],
			"faces": {
				"north": {"uv": [1.75, 9, 4.75, 16], "texture": "#0"},
				"east": {"uv": [1.25, 9, 2.25, 16], "texture": "#0"},
				"south": {"uv": [4.75, 9, 1.25, 16], "texture": "#0"},
				"west": {"uv": [3.75, 9, 4.75, 16], "texture": "#0"},
				"up": {"uv": [8, 15, 9, 16], "texture": "#0"},
				"down": {"uv": [2, 7, 3, 8], "texture": "#0"}
			}
		},
		{
			"from": [6, 0, 5.25],
			"to": [10, 7, 6],
			"faces": {
				"north": {"uv": [1, 1, 5, 8], "texture": "#0"},
				"east": {"uv": [1.25, 9, 2, 16], "texture": "#0"},
				"south": {"uv": [0, 0, 4, 7], "texture": "#missing"},
				"west": {"uv": [4, 9, 5, 16], "texture": "#0"},
				"up": {"uv": [5.5, 15.25, 9.5, 16], "texture": "#0"},
				"down": {"uv": [5.5, 15.25, 9.5, 16], "texture": "#0"}
			}
		},
		{
			"from": [6, 0, 10],
			"to": [10, 7, 10.75],
			"faces": {
				"north": {"uv": [0, 0, 4, 7], "texture": "#missing"},
				"east": {"uv": [6, 9, 6.75, 16], "texture": "#0"},
				"south": {"uv": [9.5, 9, 5.5, 16], "texture": "#0"},
				"west": {"uv": [9.25, 9, 8, 16], "texture": "#0"},
				"up": {"uv": [5.5, 15.25, 9.5, 16], "texture": "#0"},
				"down": {"uv": [1, 15.25, 5, 16], "texture": "#0"}
			}
		},
		{
			"from": [6, 7, 6],
			"to": [10, 9, 10],
			"faces": {
				"north": {"uv": [11, 1, 15, 5], "texture": "#0"},
				"east": {"uv": [12.25, 2.25, 13.5, 3.75], "texture": "#0"},
				"south": {"uv": [11, 1, 15, 5], "texture": "#0"},
				"west": {"uv": [11, 1, 15, 5], "texture": "#0"},
				"up": {"uv": [11, 1, 15, 5], "texture": "#0"},
				"down": {"uv": [11, 1, 15, 5], "texture": "#0"}
			}
		},
		{
			"from": [6, 7.25, 5.25],
			"to": [10, 9, 6],
			"faces": {
				"north": {"uv": [11, 5, 15, 5.75], "texture": "#0"},
				"east": {"uv": [14, 0, 15, 0.75], "texture": "#0"},
				"south": {"uv": [11, 0, 15, 0.75], "texture": "#0"},
				"west": {"uv": [11, 0, 12, 0.75], "texture": "#0"},
				"up": {"uv": [11, 0, 15, 0.75], "texture": "#0"},
				"down": {"uv": [11, 0, 15, 0.75], "texture": "#0"}
			}
		},
		{
			"from": [6, 7.25, 10],
			"to": [10, 9, 10.75],
			"faces": {
				"north": {"uv": [11, 5, 15, 5.75], "texture": "#0"},
				"east": {"uv": [14, 5, 15, 6], "texture": "#0"},
				"south": {"uv": [11, 5, 15, 5.75], "texture": "#0"},
				"west": {"uv": [11, 5, 11.75, 5.75], "texture": "#0"},
				"up": {"uv": [11, 5, 15, 5.75], "texture": "#0"},
				"down": {"uv": [11, 5, 15, 5.75], "texture": "#0"}
			}
		},
		{
			"from": [5.25, 7.25, 6],
			"to": [6, 9, 10],
			"faces": {
				"north": {"uv": [10, 4, 10.75, 5], "texture": "#0"},
				"east": {"uv": [10, 1, 10.75, 5], "texture": "#0"},
				"south": {"uv": [10, 1, 10.75, 2], "texture": "#0"},
				"west": {"uv": [11, 5, 15, 5.75], "texture": "#0"},
				"up": {"uv": [10, 1, 10.75, 5], "texture": "#0"},
				"down": {"uv": [10, 1, 10.75, 5], "texture": "#0"}
			}
		},
		{
			"from": [10, 7.25, 6],
			"to": [10.75, 9, 10],
			"faces": {
				"north": {"uv": [15.25, 1, 16, 2], "texture": "#0"},
				"east": {"uv": [11, 5, 15, 5.75], "texture": "#0"},
				"south": {"uv": [15.25, 4.25, 16, 5], "texture": "#0"},
				"west": {"uv": [15.25, 1, 16, 5], "texture": "#0"},
				"up": {"uv": [10, 1, 10.75, 5], "texture": "#0"},
				"down": {"uv": [15.25, 1, 16, 5], "texture": "#0"}
			}
		}
	],
	"display": {
		"thirdperson_righthand": {
			"translation": [0, 1.75, -1],
			"scale": [0.75, 0.75, 0.75]
		},
		"thirdperson_lefthand": {
			"translation": [0, 1.75, -1],
			"scale": [0.75, 0.75, 0.75]
		},
		"firstperson_righthand": {
			"rotation": [0, 135, 0],
			"translation": [1.75, 5.75, 0],
			"scale": [0.8, 0.8, 0.8]
		},
		"firstperson_lefthand": {
			"rotation": [0, 135, 0],
			"translation": [1.75, 5.75, 0],
			"scale": [0.8, 0.8, 0.8]
		},
		"ground": {
			"rotation": [5, 0, 5],
			"translation": [0, 23, 0],
			"scale": [3, 3, 3]
		},
		"gui": {
			"rotation": [0, -180, 0],
			"translation": [0, 5.25, 0],
			"scale": [1.5, 1.5, 1.5]
		},
		"head": {
			"translation": [0, 18, 0],
			"scale": [1.5, 1.5, 1.5]
		},
		"fixed": {
			"translation": [0, 7, 0],
			"scale": [2, 2, 2]
		}
	}
}