{
	"credit": "Made with Blockbench",
	"textures": {
		"0": "block/hat_textures/jif",
		"1": "minecraft:item/stick",
		"particle": "block/hat_textures/jif"
	},
	"elements": [
		{
			"from": [5.25, 2, 17.5],
			"to": [10.75, 9, 21.5],
			"rotation": {"angle": 0, "axis": "y", "origin": [0, 2, 11.5]},
			"faces": {
				"north": {"uv": [1.75, 9, 4.75, 16], "texture": "#0"},
				"east": {"uv": [1.25, 9, 2.25, 16], "texture": "#0"},
				"south": {"uv": [4.75, 9, 1.25, 16], "texture": "#0"},
				"west": {"uv": [3.75, 9, 4.75, 16], "texture": "#0"},
				"up": {"uv": [8, 15, 9, 16], "texture": "#0"},
				"down": {"uv": [2, 7, 3, 8], "texture": "#0"}
			}
		},
		{
			"from": [6, 2, 16.75],
			"to": [10, 9, 17.5],
			"rotation": {"angle": 0, "axis": "y", "origin": [0, 2, 11.5]},
			"faces": {
				"north": {"uv": [1, 1, 5, 8], "texture": "#0"},
				"east": {"uv": [1.25, 9, 2, 16], "texture": "#0"},
				"south": {"uv": [0, 0, 4, 7], "texture": "#missing"},
				"west": {"uv": [4, 9, 5, 16], "texture": "#0"},
				"up": {"uv": [5.5, 15.25, 9.5, 16], "texture": "#0"},
				"down": {"uv": [5.5, 15.25, 9.5, 16], "texture": "#0"}
			}
		},
		{
			"from": [6, 2, 21.5],
			"to": [10, 9, 22.25],
			"rotation": {"angle": 0, "axis": "y", "origin": [0, 2, 11.5]},
			"faces": {
				"north": {"uv": [0, 0, 4, 7], "texture": "#missing"},
				"east": {"uv": [6, 9, 6.75, 16], "texture": "#0"},
				"south": {"uv": [9.5, 9, 5.5, 16], "texture": "#0"},
				"west": {"uv": [9.25, 9, 8, 16], "texture": "#0"},
				"up": {"uv": [5.5, 15.25, 9.5, 16], "texture": "#0"},
				"down": {"uv": [1, 15.25, 5, 16], "texture": "#0"}
			}
		},
		{
			"from": [6, 9, 17.5],
			"to": [10, 11, 21.5],
			"rotation": {"angle": 0, "axis": "y", "origin": [0, 2, 11.5]},
			"faces": {
				"north": {"uv": [11, 1, 15, 5], "texture": "#0"},
				"east": {"uv": [12.25, 2.25, 13.5, 3.75], "texture": "#0"},
				"south": {"uv": [11, 1, 15, 5], "texture": "#0"},
				"west": {"uv": [11, 1, 15, 5], "texture": "#0"},
				"up": {"uv": [11, 1, 15, 5], "texture": "#0"},
				"down": {"uv": [11, 1, 15, 5], "texture": "#0"}
			}
		},
		{
			"from": [6, 9.25, 16.75],
			"to": [10, 11, 17.5],
			"rotation": {"angle": 0, "axis": "y", "origin": [0, 2, 11.5]},
			"faces": {
				"north": {"uv": [11, 5, 15, 5.75], "texture": "#0"},
				"east": {"uv": [14, 0, 15, 0.75], "texture": "#0"},
				"south": {"uv": [11, 0, 15, 0.75], "texture": "#0"},
				"west": {"uv": [11, 0, 12, 0.75], "texture": "#0"},
				"up": {"uv": [11, 0, 15, 0.75], "texture": "#0"},
				"down": {"uv": [11, 0, 15, 0.75], "texture": "#0"}
			}
		},
		{
			"from": [6, 9.25, 21.5],
			"to": [10, 11, 22.25],
			"rotation": {"angle": 0, "axis": "y", "origin": [0, 2, 11.5]},
			"faces": {
				"north": {"uv": [11, 5, 15, 5.75], "texture": "#0"},
				"east": {"uv": [14, 5, 15, 6], "texture": "#0"},
				"south": {"uv": [11, 5, 15, 5.75], "texture": "#0"},
				"west": {"uv": [11, 5, 11.75, 5.75], "texture": "#0"},
				"up": {"uv": [11, 5, 15, 5.75], "texture": "#0"},
				"down": {"uv": [11, 5, 15, 5.75], "texture": "#0"}
			}
		},
		{
			"from": [5.25, 9.25, 17.5],
			"to": [6, 11, 21.5],
			"rotation": {"angle": 0, "axis": "y", "origin": [0, 2, 11.5]},
			"faces": {
				"north": {"uv": [10, 4, 10.75, 5], "texture": "#0"},
				"east": {"uv": [10, 1, 10.75, 5], "texture": "#0"},
				"south": {"uv": [10, 1, 10.75, 2], "texture": "#0"},
				"west": {"uv": [11, 5, 15, 5.75], "texture": "#0"},
				"up": {"uv": [10, 1, 10.75, 5], "texture": "#0"},
				"down": {"uv": [10, 1, 10.75, 5], "texture": "#0"}
			}
		},
		{
			"from": [10, 9.25, 17.5],
			"to": [10.75, 11, 21.5],
			"rotation": {"angle": 0, "axis": "y", "origin": [0, 2, 11.5]},
			"faces": {
				"north": {"uv": [15.25, 1, 16, 2], "texture": "#0"},
				"east": {"uv": [11, 5, 15, 5.75], "texture": "#0"},
				"south": {"uv": [15.25, 4.25, 16, 5], "texture": "#0"},
				"west": {"uv": [15.25, 1, 16, 5], "texture": "#0"},
				"up": {"uv": [10, 1, 10.75, 5], "texture": "#0"},
				"down": {"uv": [15.25, 1, 16, 5], "texture": "#0"}
			}
		},
		{
			"from": [7.5, 10, -1],
			"to": [8.5, 11, 1],
			"rotation": {"angle": 0, "axis": "y", "origin": [7.5, 10, -1]},
			"faces": {
				"north": {"uv": [2, 14, 4, 15], "texture": "#1"},
				"east": {"uv": [2, 14, 4, 15], "rotation": 180, "texture": "#1"},
				"south": {"uv": [2, 14, 4, 15], "texture": "#1"},
				"west": {"uv": [2, 14, 4, 15], "texture": "#1"},
				"up": {"uv": [2, 14, 4, 15], "texture": "#1"},
				"down": {"uv": [2, 14, 4, 15], "texture": "#1"}
			}
		},
		{
			"from": [7.5, 11, -1],
			"to": [8.5, 12, 2],
			"rotation": {"angle": 0, "axis": "y", "origin": [7.5, 11, 0]},
			"faces": {
				"north": {"uv": [2, 13, 3, 14], "texture": "#1"},
				"east": {"uv": [2, 13, 5, 14], "rotation": 180, "texture": "#1"},
				"south": {"uv": [4, 13, 5, 14], "texture": "#1"},
				"west": {"uv": [2, 13, 5, 14], "texture": "#1"},
				"up": {"uv": [2, 13, 5, 14], "rotation": 90, "texture": "#1"},
				"down": {"uv": [2, 13, 5, 14], "rotation": 90, "texture": "#1"}
			}
		},
		{
			"from": [7.5, 12, 0],
			"to": [8.5, 13, 3],
			"rotation": {"angle": 0, "axis": "y", "origin": [7.5, 12, 1]},
			"faces": {
				"north": {"uv": [4, 11, 5, 12], "texture": "#1"},
				"east": {"uv": [4, 11, 7, 12], "rotation": 180, "texture": "#1"},
				"south": {"uv": [6, 11, 7, 12], "texture": "#1"},
				"west": {"uv": [4, 11, 7, 12], "texture": "#1"},
				"up": {"uv": [4, 11, 7, 12], "rotation": 90, "texture": "#1"},
				"down": {"uv": [4, 11, 7, 12], "rotation": 90, "texture": "#1"}
			}
		},
		{
			"from": [7.5, 13, 1],
			"to": [8.5, 14, 4],
			"rotation": {"angle": 0, "axis": "y", "origin": [7.5, 13, 2]},
			"faces": {
				"north": {"uv": [2, 13, 3, 14], "texture": "#1"},
				"east": {"uv": [2, 13, 5, 14], "rotation": 180, "texture": "#1"},
				"south": {"uv": [4, 13, 5, 14], "texture": "#1"},
				"west": {"uv": [2, 13, 5, 14], "texture": "#1"},
				"up": {"uv": [2, 13, 5, 14], "rotation": 90, "texture": "#1"},
				"down": {"uv": [2, 13, 5, 14], "rotation": 90, "texture": "#1"}
			}
		},
		{
			"from": [7.5, 15, 3],
			"to": [8.5, 16, 6],
			"rotation": {"angle": 0, "axis": "y", "origin": [7.5, 15, 4]},
			"faces": {
				"north": {"uv": [2, 13, 3, 14], "texture": "#1"},
				"east": {"uv": [2, 13, 5, 14], "rotation": 180, "texture": "#1"},
				"south": {"uv": [4, 13, 5, 14], "texture": "#1"},
				"west": {"uv": [2, 13, 5, 14], "texture": "#1"},
				"up": {"uv": [2, 13, 5, 14], "rotation": 90, "texture": "#1"},
				"down": {"uv": [2, 13, 5, 14], "rotation": 90, "texture": "#1"}
			}
		},
		{
			"from": [7.5, 14, 2],
			"to": [8.5, 15, 5],
			"rotation": {"angle": 0, "axis": "y", "origin": [7.5, 14, 3]},
			"faces": {
				"north": {"uv": [4, 11, 5, 12], "texture": "#1"},
				"east": {"uv": [4, 11, 7, 12], "rotation": 180, "texture": "#1"},
				"south": {"uv": [6, 11, 7, 12], "texture": "#1"},
				"west": {"uv": [4, 11, 7, 12], "texture": "#1"},
				"up": {"uv": [4, 11, 7, 12], "rotation": 90, "texture": "#1"},
				"down": {"uv": [4, 11, 7, 12], "rotation": 90, "texture": "#1"}
			}
		},
		{
			"from": [7.5, 16, 4],
			"to": [8.5, 17, 7],
			"rotation": {"angle": 0, "axis": "y", "origin": [7.5, 16, 5]},
			"faces": {
				"north": {"uv": [4, 11, 5, 12], "texture": "#1"},
				"east": {"uv": [4, 11, 7, 12], "rotation": 180, "texture": "#1"},
				"south": {"uv": [6, 11, 7, 12], "texture": "#1"},
				"west": {"uv": [4, 11, 7, 12], "texture": "#1"},
				"up": {"uv": [4, 11, 7, 12], "rotation": 90, "texture": "#1"},
				"down": {"uv": [4, 11, 7, 12], "rotation": 90, "texture": "#1"}
			}
		},
		{
			"from": [7.5, 17, 5],
			"to": [8.5, 18, 8],
			"rotation": {"angle": 0, "axis": "y", "origin": [7.5, 17, 6]},
			"faces": {
				"north": {"uv": [2, 13, 3, 14], "texture": "#1"},
				"east": {"uv": [2, 13, 5, 14], "rotation": 180, "texture": "#1"},
				"south": {"uv": [4, 13, 5, 14], "texture": "#1"},
				"west": {"uv": [2, 13, 5, 14], "texture": "#1"},
				"up": {"uv": [2, 13, 5, 14], "rotation": 90, "texture": "#1"},
				"down": {"uv": [2, 13, 5, 14], "rotation": 90, "texture": "#1"}
			}
		},
		{
			"from": [7.5, 18, 6],
			"to": [8.5, 19, 9],
			"rotation": {"angle": 0, "axis": "y", "origin": [7.5, 18, 7]},
			"faces": {
				"north": {"uv": [4, 11, 5, 12], "texture": "#1"},
				"east": {"uv": [4, 11, 7, 12], "rotation": 180, "texture": "#1"},
				"south": {"uv": [6, 11, 7, 12], "texture": "#1"},
				"west": {"uv": [4, 11, 7, 12], "texture": "#1"},
				"up": {"uv": [4, 11, 7, 12], "rotation": 90, "texture": "#1"},
				"down": {"uv": [4, 11, 7, 12], "rotation": 90, "texture": "#1"}
			}
		},
		{
			"from": [7.5, 19, 7],
			"to": [8.5, 20, 10],
			"rotation": {"angle": 0, "axis": "y", "origin": [7.5, 19, 8]},
			"faces": {
				"north": {"uv": [2, 13, 3, 14], "texture": "#1"},
				"east": {"uv": [2, 13, 5, 14], "rotation": 180, "texture": "#1"},
				"south": {"uv": [4, 13, 5, 14], "texture": "#1"},
				"west": {"uv": [2, 13, 5, 14], "texture": "#1"},
				"up": {"uv": [2, 13, 5, 14], "rotation": 90, "texture": "#1"},
				"down": {"uv": [2, 13, 5, 14], "rotation": 90, "texture": "#1"}
			}
		},
		{
			"from": [7.5, 20, 8],
			"to": [8.5, 21, 11],
			"rotation": {"angle": 0, "axis": "y", "origin": [7.5, 20, 9]},
			"faces": {
				"north": {"uv": [4, 11, 5, 12], "texture": "#1"},
				"east": {"uv": [4, 11, 7, 12], "rotation": 180, "texture": "#1"},
				"south": {"uv": [6, 11, 7, 12], "texture": "#1"},
				"west": {"uv": [4, 11, 7, 12], "texture": "#1"},
				"up": {"uv": [4, 11, 7, 12], "rotation": 90, "texture": "#1"},
				"down": {"uv": [4, 11, 7, 12], "rotation": 90, "texture": "#1"}
			}
		},
		{
			"from": [7.5, 21, 9],
			"to": [8.5, 22, 12],
			"rotation": {"angle": 0, "axis": "y", "origin": [7.5, 21, 10]},
			"faces": {
				"north": {"uv": [2, 13, 3, 14], "texture": "#1"},
				"east": {"uv": [2, 13, 5, 14], "rotation": 180, "texture": "#1"},
				"south": {"uv": [4, 13, 5, 14], "texture": "#1"},
				"west": {"uv": [2, 13, 5, 14], "texture": "#1"},
				"up": {"uv": [2, 13, 5, 14], "rotation": 90, "texture": "#1"},
				"down": {"uv": [2, 13, 5, 14], "rotation": 90, "texture": "#1"}
			}
		},
		{
			"from": [7.5, 22, 10],
			"to": [8.5, 23, 13],
			"rotation": {"angle": 0, "axis": "y", "origin": [7.5, 22, 11]},
			"faces": {
				"north": {"uv": [4, 11, 5, 12], "texture": "#1"},
				"east": {"uv": [4, 11, 7, 12], "rotation": 180, "texture": "#1"},
				"south": {"uv": [6, 11, 7, 12], "texture": "#1"},
				"west": {"uv": [4, 11, 7, 12], "texture": "#1"},
				"up": {"uv": [4, 11, 7, 12], "rotation": 90, "texture": "#1"},
				"down": {"uv": [4, 11, 7, 12], "rotation": 90, "texture": "#1"}
			}
		},
		{
			"from": [7.5, 23, 11],
			"to": [8.5, 24, 14],
			"rotation": {"angle": 0, "axis": "y", "origin": [7.5, 23, 12]},
			"faces": {
				"north": {"uv": [2, 13, 3, 14], "texture": "#1"},
				"east": {"uv": [2, 13, 5, 14], "rotation": 180, "texture": "#1"},
				"south": {"uv": [4, 13, 5, 14], "texture": "#1"},
				"west": {"uv": [2, 13, 5, 14], "texture": "#1"},
				"up": {"uv": [2, 13, 5, 14], "rotation": 90, "texture": "#1"},
				"down": {"uv": [2, 13, 5, 14], "rotation": 90, "texture": "#1"}
			}
		},
		{
			"from": [7.5, 24, 12],
			"to": [8.5, 25, 15],
			"rotation": {"angle": 0, "axis": "y", "origin": [7.5, 24, 13]},
			"faces": {
				"north": {"uv": [4, 11, 5, 12], "texture": "#1"},
				"east": {"uv": [4, 11, 7, 12], "rotation": 180, "texture": "#1"},
				"south": {"uv": [6, 11, 7, 12], "texture": "#1"},
				"west": {"uv": [4, 11, 7, 12], "texture": "#1"},
				"up": {"uv": [4, 11, 7, 12], "rotation": 90, "texture": "#1"},
				"down": {"uv": [4, 11, 7, 12], "rotation": 90, "texture": "#1"}
			}
		},
		{
			"from": [7.5, 25, 13],
			"to": [8.5, 26, 16],
			"rotation": {"angle": 0, "axis": "y", "origin": [7.5, 25, 14]},
			"faces": {
				"north": {"uv": [2, 13, 3, 14], "texture": "#1"},
				"east": {"uv": [2, 13, 5, 14], "rotation": 180, "texture": "#1"},
				"south": {"uv": [4, 13, 5, 14], "texture": "#1"},
				"west": {"uv": [2, 13, 5, 14], "texture": "#1"},
				"up": {"uv": [2, 13, 5, 14], "rotation": 90, "texture": "#1"},
				"down": {"uv": [2, 13, 5, 14], "rotation": 90, "texture": "#1"}
			}
		},
		{
			"from": [7.5, 26, 14],
			"to": [8.5, 27, 17],
			"rotation": {"angle": 0, "axis": "y", "origin": [7.5, 26, 15]},
			"faces": {
				"north": {"uv": [4, 11, 5, 12], "texture": "#1"},
				"east": {"uv": [4, 11, 7, 12], "rotation": 180, "texture": "#1"},
				"south": {"uv": [6, 11, 7, 12], "texture": "#1"},
				"west": {"uv": [4, 11, 7, 12], "texture": "#1"},
				"up": {"uv": [4, 11, 7, 12], "rotation": 90, "texture": "#1"},
				"down": {"uv": [4, 11, 7, 12], "rotation": 90, "texture": "#1"}
			}
		},
		{
			"from": [7.5, 27, 15],
			"to": [8.5, 28, 18],
			"rotation": {"angle": 0, "axis": "y", "origin": [7.5, 27, 16]},
			"faces": {
				"north": {"uv": [2, 13, 3, 14], "texture": "#1"},
				"east": {"uv": [2, 13, 5, 14], "rotation": 180, "texture": "#1"},
				"south": {"uv": [4, 13, 5, 14], "texture": "#1"},
				"west": {"uv": [2, 13, 5, 14], "texture": "#1"},
				"up": {"uv": [2, 13, 5, 14], "rotation": 90, "texture": "#1"},
				"down": {"uv": [2, 13, 5, 14], "rotation": 90, "texture": "#1"}
			}
		},
		{
			"from": [7.5, 28, 16],
			"to": [8.5, 29, 19],
			"rotation": {"angle": 0, "axis": "y", "origin": [7.5, 28, 17]},
			"faces": {
				"north": {"uv": [4, 11, 5, 12], "texture": "#1"},
				"east": {"uv": [4, 11, 7, 12], "rotation": 180, "texture": "#1"},
				"south": {"uv": [6, 11, 7, 12], "texture": "#1"},
				"west": {"uv": [4, 11, 7, 12], "texture": "#1"},
				"up": {"uv": [4, 11, 7, 12], "rotation": 90, "texture": "#1"},
				"down": {"uv": [4, 11, 7, 12], "rotation": 90, "texture": "#1"}
			}
		},
		{
			"from": [7.5, 29, 17],
			"to": [8.5, 30, 20],
			"rotation": {"angle": 0, "axis": "y", "origin": [7.5, 29, 18]},
			"faces": {
				"north": {"uv": [2, 13, 3, 14], "texture": "#1"},
				"east": {"uv": [2, 13, 5, 14], "rotation": 180, "texture": "#1"},
				"south": {"uv": [4, 13, 5, 14], "texture": "#1"},
				"west": {"uv": [2, 13, 5, 14], "texture": "#1"},
				"up": {"uv": [2, 13, 5, 14], "rotation": 90, "texture": "#1"},
				"down": {"uv": [2, 13, 5, 14], "rotation": 90, "texture": "#1"}
			}
		},
		{
			"from": [7.5, 30, 18],
			"to": [8.5, 31, 20],
			"rotation": {"angle": 0, "axis": "y", "origin": [7.5, 30, 18]},
			"faces": {
				"north": {"uv": [13, 2, 14, 3], "texture": "#1"},
				"east": {"uv": [13, 2, 15, 3], "rotation": 180, "texture": "#1"},
				"south": {"uv": [14, 2, 15, 3], "texture": "#1"},
				"west": {"uv": [13, 2, 15, 3], "texture": "#1"},
				"up": {"uv": [13, 2, 15, 3], "rotation": 90, "texture": "#1"},
				"down": {"uv": [13, 2, 15, 3], "texture": "#1"}
			}
		},
		{
			"name": "string",
			"from": [7.5, 11, 19],
			"to": [8.5, 29, 20],
			"rotation": {"angle": 0, "axis": "y", "origin": [7.5, 18, 19]},
			"faces": {
				"north": {"uv": [6, 0, 7, 1], "texture": "#0"},
				"east": {"uv": [6, 0, 7, 1], "texture": "#0"},
				"south": {"uv": [6, 0, 7, 1], "texture": "#0"},
				"west": {"uv": [6, 0, 7, 1], "texture": "#0"},
				"up": {"uv": [6, 0, 7, 1], "texture": "#0"},
				"down": {"uv": [6, 0, 7, 1], "texture": "#0"}
			}
		}
	],
	"display": {
		"thirdperson_righthand": {
			"rotation": [68, -180, 0],
			"translation": [0, -2.5, 1.5],
			"scale": [0.1, 0.1, 0.1]
		},
		"thirdperson_lefthand": {
			"rotation": [68, -180, 0],
			"translation": [0, -2.5, 1.5],
			"scale": [0.1, 0.1, 0.1]
		},
		"firstperson_righthand": {
			"rotation": [0, -180, 0],
			"translation": [-9, 7, 5.75],
			"scale": [0.8, 0.8, 0.8]
		},
		"firstperson_lefthand": {
			"rotation": [0, -180, 0],
			"translation": [-9.05, 7, 5.75],
			"scale": [0.8, 0.8, 0.8]
		},
		"ground": {
			"translation": [0, 3, -2],
			"scale": [0.75, 0.75, 0.75]
		},
		"gui": {
			"rotation": [-10, -140, 15],
			"translation": [1, -3.25, 0],
			"scale": [0.55, 0.55, 0.55]
		},
		"head": {
			"rotation": [0, -180, 0],
			"translation": [0, 1.5, -7.25],
			"scale": [1.5, 1.5, 1.5]
		},
		"fixed": {
			"rotation": [0, 90, 0],
			"translation": [-1.75, -5, 0],
			"scale": [0.6, 0.6, 0.6]
		}
	},
	"groups": [
		{
			"name": "jif",
			"origin": [0, 0, 0],
			"color": 0,
			"children": [0, 1, 2, 3, 4, 5, 6, 7]
		},
		{
			"name": "stick",
			"origin": [0, 12, 11],
			"color": 0,
			"children": [8, 9, 10, 11, 12, 13, 14, 15, 16, 17, 18, 19, 20, 21, 22, 23, 24, 25, 26, 27, 28, 29]
		}
	]
}