{
	"credit": "Made with Blockbench",
	"textures": {
		"1": "block/hat_textures/trans",
		"2": "block/hat_textures/disguiseone",
		"3": "block/hat_textures/gremlogobot",
		"4": "block/hat_textures/gremlogotop",
		"particle": "block/hat_textures/gremlogobot"
	},
	"elements": [
		{
			"from": [0, -7, -0.05],
			"to": [16, 9, 0],
			"faces": {
				"north": {"uv": [0, 0, 16, 16], "texture": "#3"},
				"east": {"uv": [0, 0, 0.0125, 2], "texture": "#1"},
				"south": {"uv": [16, 0, 0, 16], "texture": "#3"},
				"west": {"uv": [0, 0, 0.0125, 2], "texture": "#1"},
				"up": {"uv": [0, 0, 2, 0.0125], "texture": "#1"},
				"down": {"uv": [0, 0, 2, 0.0125], "texture": "#1"}
			}
		},
		{
			"from": [0, 9, -0.05],
			"to": [16, 25, 0],
			"faces": {
				"north": {"uv": [0, 0, 16, 16], "texture": "#4"},
				"east": {"uv": [0, 0, 0.0125, 2], "texture": "#1"},
				"south": {"uv": [16, 0, 0, 16], "texture": "#4"},
				"west": {"uv": [0, 0, 0.0125, 2], "texture": "#1"},
				"up": {"uv": [0, 0, 2, 0.0125], "texture": "#1"},
				"down": {"uv": [0, 0, 2, 0.0125], "texture": "#1"}
			}
		},
		{
			"from": [1, 9, 0],
			"to": [2, 10, 14.25],
			"faces": {
				"north": {"uv": [4, 11, 5, 12], "texture": "#2"},
				"east": {"uv": [1, 10, 10, 11], "texture": "#2"},
				"south": {"uv": [4, 11, 5, 12], "texture": "#2"},
				"west": {"uv": [1, 10, 10, 11], "texture": "#2"},
				"up": {"uv": [1, 10, 2, 14], "texture": "#2"},
				"down": {"uv": [1, 10, 2, 14], "texture": "#2"}
			}
		},
		{
			"from": [14, 9, 0],
			"to": [15, 10, 14.25],
			"faces": {
				"north": {"uv": [4, 11, 5, 12], "texture": "#2"},
				"east": {"uv": [1, 10, 10, 11], "texture": "#2"},
				"south": {"uv": [4, 11, 5, 12], "texture": "#2"},
				"west": {"uv": [1, 10, 10, 11], "texture": "#2"},
				"up": {"uv": [1, 10, 2, 14], "texture": "#2"},
				"down": {"uv": [1, 10, 2, 14], "texture": "#2"}
			}
		},
		{
			"from": [2, 9, 13],
			"to": [14, 10, 14.25],
			"rotation": {"angle": 0, "axis": "y", "origin": [14.5, 11.5, 8]},
			"faces": {
				"north": {"uv": [1, 10, 10, 11], "texture": "#2"},
				"east": {"uv": [4, 11, 5, 12], "texture": "#2"},
				"south": {"uv": [1, 10, 10, 11], "texture": "#2"},
				"west": {"uv": [4, 11, 5, 12], "texture": "#2"},
				"up": {"uv": [1, 10, 2, 14], "rotation": 270, "texture": "#2"},
				"down": {"uv": [1, 10, 2, 14], "rotation": 90, "texture": "#2"}
			}
		}
	],
	"display": {
		"head": {
			"translation": [0, 0, 0.75]
		},
		"fixed": {
			"translation": [0, 0, 6.5],
			"scale": [4, 4, 1]
		}
	}
}