{
	"credit": "Made with Blockbench",
	"texture_size": [32, 32],
	"textures": {
		"0": "block/hat_textures/helmet",
		"particle": "block/hat_textures/helmet"
	},
	"elements": [
		{
			"from": [3, 0, 1],
			"to": [13, 1, 13],
			"faces": {
				"north": {"uv": [11, 6.5, 16, 7], "texture": "#0"},
				"east": {"uv": [11, 0, 11.5, 6], "rotation": 90, "texture": "#0"},
				"south": {"uv": [11, 6, 16, 6.5], "texture": "#0"},
				"west": {"uv": [8.5, 7.5, 9, 13.5], "rotation": 90, "texture": "#0"},
				"up": {"uv": [11, 0, 16, 6], "texture": "#0"},
				"down": {"uv": [5, 0, 10, 6], "texture": "#0"}
			}
		},
		{
			"from": [4, 1, 4],
			"to": [12, 3.5, 12],
			"faces": {
				"north": {"uv": [11, 4.75, 15, 6], "rotation": 180, "texture": "#0"},
				"east": {"uv": [15, 4.75, 11, 6], "rotation": 180, "texture": "#0"},
				"south": {"uv": [5, 6, 9, 4.75], "texture": "#0"},
				"west": {"uv": [6, 6, 10, 4.75], "texture": "#0"},
				"up": {"uv": [0, 0, 4, 4], "texture": "#0"},
				"down": {"uv": [6.5, 11.5, 10.5, 15.5], "texture": "#0"}
			}
		},
		{
			"from": [7, 1, 3],
			"to": [9, 4.5, 13],
			"faces": {
				"north": {"uv": [12.5, 4, 14.25, 5], "rotation": 90, "texture": "#0"},
				"east": {"uv": [12, 0.5, 13.75, 5.5], "rotation": 90, "texture": "#0"},
				"south": {"uv": [12.5, 1.5, 13.5, 3.25], "texture": "#0"},
				"west": {"uv": [15.5, 0.5, 13.75, 5.5], "rotation": 90, "texture": "#0"},
				"up": {"uv": [13.5, 0.5, 14.5, 5.5], "texture": "#0"},
				"down": {"uv": [3.5, 7.5, 4.5, 12.5], "texture": "#0"}
			}
		},
		{
			"from": [7, 0.5, 0],
			"to": [9, 4.5, 1],
			"faces": {
				"north": {"uv": [1.5, 4.5, 2.5, 6.5], "texture": "#0"},
				"east": {"uv": [10.5, 8.5, 11, 10], "texture": "#0"},
				"south": {"uv": [1.5, 7.5, 2.5, 9.5], "texture": "#0"},
				"west": {"uv": [10, 9.5, 10.5, 11], "texture": "#0"},
				"up": {"uv": [9.5, 9.5, 10.5, 10], "texture": "#0"},
				"down": {"uv": [10.5, 11, 11.5, 11.5], "texture": "#0"}
			}
		},
		{
			"from": [6, 1.5, 0],
			"to": [7, 3.5, 1],
			"faces": {
				"north": {"uv": [2.5, 5, 3, 6], "texture": "#0"},
				"east": {"uv": [10.5, 13, 11, 14], "texture": "#0"},
				"south": {"uv": [2.5, 8, 3, 9], "texture": "#0"},
				"west": {"uv": [9.5, 12, 10, 13], "texture": "#0"},
				"up": {"uv": [11, 11.5, 11.5, 12], "texture": "#0"},
				"down": {"uv": [10, 11.5, 10.5, 12], "texture": "#0"}
			}
		},
		{
			"from": [9, 1.5, 0],
			"to": [10, 3.5, 1],
			"faces": {
				"north": {"uv": [1, 5, 1.5, 6], "texture": "#0"},
				"east": {"uv": [10, 9.5, 10.5, 10.5], "texture": "#0"},
				"south": {"uv": [1.25, 8, 1.75, 9], "texture": "#0"},
				"west": {"uv": [10.5, 9.5, 11, 10.5], "texture": "#0"},
				"up": {"uv": [10.5, 7.5, 11, 8], "texture": "#0"},
				"down": {"uv": [10, 8.5, 10.5, 9], "texture": "#0"}
			}
		},
		{
			"from": [6, 1, 1],
			"to": [10, 4.5, 3],
			"faces": {
				"north": {"uv": [1, 8, 3, 9.5], "texture": "#0"},
				"east": {"uv": [1, 8, 2, 9.5], "texture": "#0"},
				"south": {"uv": [1, 8, 3, 9.5], "texture": "#0"},
				"west": {"uv": [1, 8, 2, 9.5], "texture": "#0"},
				"up": {"uv": [1, 8, 3, 9], "texture": "#0"},
				"down": {"uv": [1, 8, 3, 9], "texture": "#0"}
			}
		},
		{
			"from": [5.5, 1, 1.75],
			"to": [6.5, 3, 2.75],
			"faces": {
				"north": {"uv": [5.5, 11.5, 6.5, 13], "texture": "#0"},
				"east": {"uv": [5.5, 11.5, 6.5, 13], "texture": "#0"},
				"south": {"uv": [5.5, 11.5, 6.5, 13.5], "texture": "#0"},
				"west": {"uv": [5.5, 13, 6.5, 15], "texture": "#0"},
				"up": {"uv": [5.5, 11.5, 6.5, 12.5], "texture": "#0"},
				"down": {"uv": [5.5, 11.5, 6.5, 12.5], "texture": "#0"}
			}
		}
	],
	"display": {
		"thirdperson_righthand": {
			"translation": [0, 3.75, 0],
			"scale": [0.5, 0.5, 0.5]
		},
		"thirdperson_lefthand": {
			"translation": [0, 3.75, 0],
			"scale": [0.5, 0.5, 0.5]
		},
		"firstperson_righthand": {
			"rotation": [-10, 0, 5],
			"translation": [-0.25, 6.5, 2],
			"scale": [0.5, 0.5, 0.5]
		},
		"firstperson_lefthand": {
			"rotation": [-10, 0, 5],
			"translation": [-0.25, 6.5, 2],
			"scale": [0.5, 0.5, 0.5]
		},
		"ground": {
			"translation": [0, 6, 0]
		},
		"gui": {
			"rotation": [15, -180, 15],
			"translation": [2.75, 7.75, 0],
			"scale": [1.35, 1.35, 1.35]
		},
		"head": {
			"rotation": [2, 0, 0],
			"translation": [0, 17.5, 0.5],
			"scale": [1.62, 1.62, 1.62]
		},
		"fixed": {
			"translation": [0, 8.25, 2.75],
			"scale": [1.5, 1.5, 1]
		}
	}
}