{
	"credit": "Made with Blockbench",
	"textures": {
		"0": "block/hat_textures/disguiseone",
		"2": "minecraft:block/gold",
		"3": "block/hat_textures/clearvisor",
		"particle": "block/hat_textures/disguiseone"
	},
	"elements": [
		{
			"from": [5, 3, 3.25],
			"to": [6, 4, 4],
			"faces": {
				"north": {"uv": [13, 13, 15, 15], "texture": "#2"},
				"east": {"uv": [4, 10, 5.75, 12], "texture": "#2"},
				"south": {"uv": [13, 13, 15, 15], "texture": "#2"},
				"west": {"uv": [5, 6, 6.75, 8], "texture": "#2"},
				"up": {"uv": [4, 13, 6, 14.75], "texture": "#2"},
				"down": {"uv": [13, 5, 15, 6.75], "texture": "#2"}
			}
		},
		{
			"from": [7, 3, 3.25],
			"to": [8, 4, 4],
			"faces": {
				"north": {"uv": [7, 13, 9, 15], "texture": "#2"},
				"east": {"uv": [4, 7, 5.75, 9], "texture": "#2"},
				"south": {"uv": [7, 13, 9, 15], "texture": "#2"},
				"west": {"uv": [11, 8, 12.75, 10], "texture": "#2"},
				"up": {"uv": [9, 10, 11, 11.75], "texture": "#2"},
				"down": {"uv": [9, 5, 11, 6.75], "texture": "#2"}
			}
		},
		{
			"from": [6, 4, 3.25],
			"to": [7, 5, 4],
			"faces": {
				"north": {"uv": [10, 10, 12, 12], "texture": "#2"},
				"east": {"uv": [2, 7, 3.75, 9], "texture": "#2"},
				"south": {"uv": [10, 10, 12, 12], "texture": "#2"},
				"west": {"uv": [12, 3, 13.75, 5], "texture": "#2"},
				"up": {"uv": [2, 12, 4, 13.75], "texture": "#2"},
				"down": {"uv": [9, 2, 11, 3.75], "texture": "#2"}
			}
		},
		{
			"from": [6, 3, 3.5],
			"to": [7, 4, 4],
			"faces": {
				"north": {"uv": [1, 3, 7, 9], "texture": "#3"},
				"east": {"uv": [9, 9, 9.5, 10], "texture": "#3"},
				"south": {"uv": [8, 0, 14, 6], "texture": "#3"},
				"west": {"uv": [11, 10, 11.5, 11], "texture": "#3"},
				"up": {"uv": [11, 9, 12, 9.5], "texture": "#3"},
				"down": {"uv": [3, 6, 5, 7], "texture": "#3"}
			}
		},
		{
			"from": [5, -1, 3.75],
			"to": [6, 3, 4],
			"faces": {
				"north": {"uv": [1, 10, 2, 14], "texture": "#0"},
				"east": {"uv": [4.25, 10, 4.5, 14], "texture": "#0"},
				"south": {"uv": [1, 10, 2, 14], "texture": "#0"},
				"west": {"uv": [4, 10, 4.25, 14], "texture": "#0"},
				"up": {"uv": [3, 10, 4, 10.25], "texture": "#0"},
				"down": {"uv": [2, 10, 3, 10.25], "texture": "#0"}
			}
		}
	],
	"display": {
		"thirdperson_righthand": {
			"translation": [1.25, 8.75, 4.5]
		},
		"thirdperson_lefthand": {
			"translation": [-3.5, 8.75, 4.5]
		},
		"firstperson_righthand": {
			"rotation": [0, -180, 0],
			"translation": [-9.75, 12.5, 5]
		},
		"firstperson_lefthand": {
			"rotation": [0, -180, 0],
			"translation": [-6.75, 12.5, 5]
		},
		"ground": {
			"translation": [0, 8, 0]
		},
		"gui": {
			"rotation": [30, 225, 0],
			"translation": [-8.25, 11.5, 0],
			"scale": [2, 2, 2]
		},
		"head": {
			"translation": [0, 6.5, 0],
			"scale": [1.6, 1.6, 1.6]
		},
		"fixed": {
			"translation": [0, 12.5, 8.25],
			"scale": [2, 2, 2]
		}
	}
}