{
	"credit": "Made with Blockbench",
	"textures": {
		"0": "block/hat_textures/mtoad",
		"particle": "block/hat_textures/mtoad"
	},
	"elements": [
		{
			"from": [2, 0, 2],
			"to": [14, 7, 14],
			"rotation": {"angle": 0, "axis": "y", "origin": [2, 0, 2]},
			"faces": {
				"north": {"uv": [2, 8.5, 14, 15.5], "texture": "#0"},
				"east": {"uv": [2, 8.5, 14, 15.5], "texture": "#0"},
				"south": {"uv": [2, 8.5, 14, 15.5], "texture": "#0"},
				"west": {"uv": [2, 8.5, 14, 15.5], "texture": "#0"},
				"up": {"uv": [4, 0, 6, 2], "texture": "#0"},
				"down": {"uv": [2, 15, 4, 16], "texture": "#0"}
			}
		},
		{
			"from": [3, 7, 3],
			"to": [13, 8, 13],
			"rotation": {"angle": 0, "axis": "y", "origin": [2, 7, 2]},
			"faces": {
				"north": {"uv": [3, 8, 13, 9], "texture": "#0"},
				"east": {"uv": [3, 8, 13, 9], "texture": "#0"},
				"south": {"uv": [3, 8, 13, 9], "texture": "#0"},
				"west": {"uv": [3, 8, 13, 9], "texture": "#0"},
				"up": {"uv": [3, 0, 5, 2], "texture": "#0"},
				"down": {"uv": [5, 0, 7, 2], "texture": "#0"}
			}
		}
	],
	"display": {
		"thirdperson_righthand": {
			"translation": [0, 3.75, 2.25],
			"scale": [0.5, 0.5, 0.5]
		},
		"thirdperson_lefthand": {
			"translation": [0, 3.75, 2.25],
			"scale": [0.5, 0.5, 0.5]
		},
		"firstperson_righthand": {
			"rotation": [-10, 0, 5],
			"translation": [-0.25, 6, 2],
			"scale": [0.5, 0.5, 0.5]
		},
		"firstperson_lefthand": {
			"rotation": [-10, 0, 5],
			"translation": [-0.25, 6, 2],
			"scale": [0.5, 0.5, 0.5]
		},
		"gui": {
			"rotation": [15, 10, 15],
			"translation": [-1, 3, 0],
			"scale": [0.95, 0.95, 0.95]
		},
		"head": {
			"translation": [0, 16.25, 0],
			"scale": [1.64, 1.64, 1.64]
		}
	}
}