{
	"credit": "Made with Blockbench",
	"texture_size": [32, 32],
	"textures": {
		"0": "block/hat_textures/prophat",
		"1": "block/hat_textures/prophatblade",
		"particle": "block/hat_textures/prophat"
	},
	"elements": [
		{
			"from": [4, 6, 4],
			"to": [12, 10, 12],
			"rotation": {"angle": 0, "axis": "y", "origin": [8, 10, 8]},
			"faces": {
				"north": {"uv": [2, 6, 6, 8], "texture": "#0"},
				"east": {"uv": [0, 2, 2, 6], "rotation": 270, "texture": "#0"},
				"south": {"uv": [2, 0, 6, 2], "rotation": 180, "texture": "#0"},
				"west": {"uv": [6, 2, 8, 6], "rotation": 90, "texture": "#0"},
				"up": {"uv": [2, 2, 6, 6], "rotation": 180, "texture": "#0"},
				"down": {"uv": [10, 6, 14, 2], "rotation": 180, "texture": "#0"}
			}
		},
		{
			"from": [4, 10, 4],
			"to": [12, 11, 12],
			"rotation": {"angle": 0, "axis": "y", "origin": [1, 0, 0]},
			"faces": {
				"north": {"uv": [0, 0, 4, 0.5], "texture": "#1"},
				"east": {"uv": [0, 0, 4, 0.5], "texture": "#1"},
				"south": {"uv": [0, 0, 4, 0.5], "texture": "#1"},
				"west": {"uv": [0, 0, 4, 0.5], "texture": "#1"},
				"up": {"uv": [4, 4, 12, 12], "texture": "#1"},
				"down": {"uv": [0, 0, 4, 4], "texture": "#1"}
			}
		},
		{
			"from": [7.5, 10, 7.5],
			"to": [8.5, 11, 8.5],
			"rotation": {"angle": 0, "axis": "y", "origin": [1, 0, 0]},
			"faces": {
				"north": {"uv": [10.5, 3.5, 11, 4], "texture": "#0"},
				"east": {"uv": [10.5, 3.5, 11, 4], "texture": "#0"},
				"south": {"uv": [10.5, 3.5, 11, 4], "texture": "#0"},
				"west": {"uv": [10.5, 3.5, 11, 4], "texture": "#0"},
				"up": {"uv": [9.5, 3.5, 10, 4], "texture": "#0"},
				"down": {"uv": [10.5, 3.5, 11, 4], "texture": "#0"}
			}
		},
		{
			"from": [4, 6, 1],
			"to": [12, 7, 4],
			"rotation": {"angle": 0, "axis": "y", "origin": [1, 0, 0]},
			"faces": {
				"north": {"uv": [2, 9.5, 6, 10], "texture": "#0"},
				"east": {"uv": [1, 8, 1.5, 9.5], "rotation": 270, "texture": "#0"},
				"south": {"uv": [4, 15, 8, 15.5], "texture": "#0"},
				"west": {"uv": [6.5, 8, 7, 9.5], "rotation": 270, "texture": "#0"},
				"up": {"uv": [2, 8, 6, 9.5], "rotation": 180, "texture": "#0"},
				"down": {"uv": [2, 8, 6, 9.5], "texture": "#0"}
			}
		},
		{
			"from": [5, 6, 0],
			"to": [11, 7, 1],
			"rotation": {"angle": 0, "axis": "y", "origin": [1, 0, 0]},
			"faces": {
				"north": {"uv": [2.5, 10.5, 5.5, 11], "texture": "#0"},
				"east": {"uv": [2, 10, 2.5, 10.5], "texture": "#0"},
				"south": {"uv": [2.5, 11.5, 5.5, 12], "texture": "#0"},
				"west": {"uv": [5.5, 10, 6, 10.5], "texture": "#0"},
				"up": {"uv": [2.5, 9.5, 5.5, 10], "rotation": 180, "texture": "#0"},
				"down": {"uv": [2.5, 9.5, 5.5, 10], "texture": "#0"}
			}
		}
	],
	"display": {
		"gui": {
			"rotation": [20, -180, 15],
			"translation": [0, 0.75, 0],
			"scale": [1.5, 1.5, 1.5]
		},
		"head": {
			"translation": [0, 5.5, 0],
			"scale": [1.65, 1.65, 1.65]
		},
		"fixed": {
			"rotation": [-70, 0, 0],
			"translation": [0, 2.75, -0.25],
			"scale": [1.5, 1.5, 1.5]
		}
	}
}