{
	"credit": "Made with Blockbench",
	"textures": {
		"0": "block/hat_textures/chefhat",
		"1": "block/hat_textures/rat_black",
		"particle": "block/hat_textures/chefhat"
	},
	"elements": [
		{
			"from": [5.9, 5, -1.5],
			"to": [10.15, 6.5, 2.75],
			"rotation": {"angle": 0, "axis": "z", "origin": [7, 5, 0]},
			"faces": {
				"north": {"uv": [0, 0, 8, 3], "texture": "#0"},
				"east": {"uv": [0, 0, 8, 3], "texture": "#0"},
				"south": {"uv": [0, 0, 8, 3], "texture": "#0"},
				"west": {"uv": [0, 0, 8, 3], "texture": "#0"},
				"up": {"uv": [0, 4, 7, 11], "texture": "#0"},
				"down": {"uv": [0, 4, 7, 11], "texture": "#0"}
			}
		},
		{
			"from": [6.15, 6.5, -1.25],
			"to": [9.9, 11.5, 2.5],
			"rotation": {"angle": 0, "axis": "z", "origin": [7, 5, 0]},
			"faces": {
				"north": {"uv": [8, 6, 15.5, 16], "texture": "#0"},
				"east": {"uv": [8, 6, 15.5, 16], "texture": "#0"},
				"south": {"uv": [8, 6, 15.5, 16], "texture": "#0"},
				"west": {"uv": [8, 6, 15.5, 16], "texture": "#0"},
				"up": {"uv": [0, 4, 7, 11], "texture": "#0"},
				"down": {"uv": [0, 4, 7, 11], "texture": "#0"}
			}
		},
		{
			"from": [6.5, 2, -3],
			"to": [9.5, 4, -1],
			"rotation": {"angle": 0, "axis": "y", "origin": [0.5, 2, -3]},
			"faces": {
				"north": {"uv": [6, 14, 6.75, 15], "texture": "#1"},
				"east": {"uv": [5.5, 14, 6, 15], "texture": "#1"},
				"south": {"uv": [0, 0, 0.75, 1], "texture": "#1"},
				"west": {"uv": [6.75, 14, 7.25, 15], "texture": "#1"},
				"up": {"uv": [6, 13, 6.75, 14], "rotation": 180, "texture": "#1"},
				"down": {"uv": [6.75, 13, 7.5, 14], "rotation": 180, "texture": "#1"}
			}
		},
		{
			"from": [6, 2, -1],
			"to": [10, 5, 2],
			"rotation": {"angle": 0, "axis": "y", "origin": [0.5, 2, -3]},
			"faces": {
				"north": {"uv": [6.25, 11.5, 7.25, 13], "texture": "#1"},
				"east": {"uv": [5.5, 11.5, 6.25, 13], "texture": "#1"},
				"south": {"uv": [0, 0, 1, 1.5], "texture": "#1"},
				"west": {"uv": [7.25, 11.5, 8, 13], "texture": "#1"},
				"up": {"uv": [6.25, 10, 7.25, 11.5], "rotation": 180, "texture": "#1"},
				"down": {"uv": [8, 11.5, 9, 13], "rotation": 180, "texture": "#1"}
			}
		},
		{
			"from": [6, 1.5, 2],
			"to": [10, 5.5, 7],
			"rotation": {"angle": 0, "axis": "y", "origin": [0.5, 2, -3]},
			"faces": {
				"north": {"uv": [6.75, 2.5, 7.75, 4.5], "texture": "#1"},
				"east": {"uv": [5.5, 2.5, 6.75, 4.5], "texture": "#1"},
				"south": {"uv": [8.75, 2.5, 9.75, 4.5], "texture": "#1"},
				"west": {"uv": [6.75, 2.5, 5.5, 4.5], "texture": "#1"},
				"up": {"uv": [6.75, 0, 7.75, 2.5], "texture": "#1"},
				"down": {"uv": [7.75, 0, 8.75, 2.5], "rotation": 180, "texture": "#1"}
			}
		},
		{
			"from": [5.5, 1, 7],
			"to": [10.5, 6, 13],
			"rotation": {"angle": 0, "axis": "y", "origin": [0.5, 2, -3]},
			"faces": {
				"north": {"uv": [1.5, 3, 2.75, 5.5], "texture": "#1"},
				"east": {"uv": [0, 3, 1.5, 5.5], "texture": "#1"},
				"south": {"uv": [4.25, 3, 5.5, 5.5], "texture": "#1"},
				"west": {"uv": [2.75, 3, 4.25, 5.5], "texture": "#1"},
				"up": {"uv": [1.5, 0, 2.75, 3], "rotation": 180, "texture": "#1"},
				"down": {"uv": [2.75, 0, 4, 3], "rotation": 180, "texture": "#1"}
			}
		},
		{
			"from": [7, 2.5, 13],
			"to": [9, 4.5, 21],
			"rotation": {"angle": 22.5, "axis": "x", "origin": [9.5, 4, 12]},
			"faces": {
				"north": {"uv": [0, 0, 0.5, 1], "texture": "#1"},
				"east": {"uv": [0, 9.5, 2, 10.5], "texture": "#1"},
				"south": {"uv": [4.5, 9.5, 5, 10.5], "texture": "#1"},
				"west": {"uv": [2.5, 9.5, 4.5, 10.5], "texture": "#1"},
				"up": {"uv": [2, 5.5, 2.5, 9.5], "rotation": 180, "texture": "#1"},
				"down": {"uv": [2.5, 5.5, 3, 9.5], "texture": "#1"}
			}
		},
		{
			"from": [7.1, -7.2, 18.7],
			"to": [8.9, 0.8, 20.5],
			"rotation": {"angle": -22.5, "axis": "x", "origin": [8, 0.9, 20]},
			"faces": {
				"north": {"uv": [2.5, 5.5, 3, 9.5], "rotation": 180, "texture": "#1"},
				"east": {"uv": [0, 9.5, 2, 10.5], "rotation": 270, "texture": "#1"},
				"south": {"uv": [2, 5.5, 2.5, 9.5], "rotation": 180, "texture": "#1"},
				"west": {"uv": [2.5, 9.5, 4.5, 10.5], "rotation": 90, "texture": "#1"},
				"up": {"uv": [2, 9.5, 2.5, 10.5], "rotation": 180, "texture": "#1"},
				"down": {"uv": [4.5, 9.5, 5, 10.5], "texture": "#1"}
			}
		},
		{
			"from": [5.5, 3.5, -0.5],
			"to": [10.5, 4.5, 0.5],
			"rotation": {"angle": 0, "axis": "y", "origin": [0.5, 2, -3]},
			"faces": {
				"north": {"uv": [9.25, 10.5, 10.25, 11], "texture": "#1"},
				"east": {"uv": [9.5, 10, 9.75, 10.5], "texture": "#1"},
				"south": {"uv": [9.25, 10.5, 10.25, 11], "texture": "#1"},
				"west": {"uv": [9.5, 10, 9.75, 10.5], "texture": "#1"},
				"up": {"uv": [9.25, 10.5, 10.25, 11], "texture": "#1"},
				"down": {"uv": [9.25, 10.5, 10.25, 11], "texture": "#1"}
			}
		},
		{
			"from": [7.5, 2.75, -4],
			"to": [8.5, 3.75, -3],
			"rotation": {"angle": 0, "axis": "y", "origin": [0.5, 2, -3]},
			"faces": {
				"north": {"uv": [3.5, 8, 3.75, 8.5], "texture": "#1"},
				"east": {"uv": [3.5, 7.5, 3.75, 8], "texture": "#1"},
				"south": {"uv": [3.5, 7.5, 3.75, 8], "texture": "#1"},
				"west": {"uv": [3.5, 7.5, 3.75, 8], "texture": "#1"},
				"up": {"uv": [3.5, 7.5, 3.75, 8], "texture": "#1"},
				"down": {"uv": [3.5, 8, 3.75, 8.5], "texture": "#1"}
			}
		},
		{
			"from": [9.5, 1.5, -2],
			"to": [11.5, 4.5, -2],
			"rotation": {"angle": -22.5, "axis": "y", "origin": [9.5, 3, -2]},
			"faces": {
				"north": {"uv": [8.75, 0, 9.25, 1.5], "texture": "#1"},
				"east": {"uv": [10.75, 5, 10.75, 6.5], "texture": "#1"},
				"south": {"uv": [8.75, 0, 9.25, 1.5], "texture": "#1"},
				"west": {"uv": [10.75, 5, 10.75, 6.5], "texture": "#1"},
				"up": {"uv": [10.75, 5, 11.25, 5], "texture": "#1"},
				"down": {"uv": [10.75, 5, 11.25, 5], "texture": "#1"}
			}
		},
		{
			"from": [4.5, 1.5, -2],
			"to": [6.5, 4.5, -2],
			"rotation": {"angle": 22.5, "axis": "y", "origin": [6.5, 3, -2]},
			"faces": {
				"north": {"uv": [10, 0, 10.5, 1.5], "texture": "#1"},
				"east": {"uv": [10.75, 5, 10.75, 6.5], "texture": "#1"},
				"south": {"uv": [10, 0, 10.5, 1.5], "texture": "#1"},
				"west": {"uv": [10.75, 5, 10.75, 6.5], "texture": "#1"},
				"up": {"uv": [10.75, 5, 11.25, 5], "texture": "#1"},
				"down": {"uv": [10.75, 5, 11.25, 5], "texture": "#1"}
			}
		},
		{
			"from": [4.5, 4, 1.5],
			"to": [6.5, 6, 1.5],
			"rotation": {"angle": 22.5, "axis": "y", "origin": [6.5, 5, 1.5]},
			"faces": {
				"north": {"uv": [8.75, 10, 8.25, 11], "texture": "#1"},
				"east": {"uv": [0, 0, 0.25, 1], "texture": "#1"},
				"south": {"uv": [8.25, 10, 8.75, 11], "texture": "#1"},
				"west": {"uv": [0, 0, 0.25, 1], "texture": "#1"},
				"up": {"uv": [0, 0, 0.5, 0.5], "texture": "#1"},
				"down": {"uv": [0, 0, 0.5, 0.5], "texture": "#1"}
			}
		},
		{
			"from": [9.5, 4, 1.5],
			"to": [11.5, 6, 1.5],
			"rotation": {"angle": -22.5, "axis": "y", "origin": [9.5, 5, 1.5]},
			"faces": {
				"north": {"uv": [8.25, 10, 8.75, 11], "texture": "#1"},
				"east": {"uv": [0, 0, 0.25, 1], "texture": "#1"},
				"south": {"uv": [8.75, 10, 8.25, 11], "texture": "#1"},
				"west": {"uv": [0, 0, 0.25, 1], "texture": "#1"},
				"up": {"uv": [0, 0, 0.5, 0.5], "texture": "#1"},
				"down": {"uv": [0, 0, 0.5, 0.5], "texture": "#1"}
			}
		},
		{
			"from": [5, 0, 3],
			"to": [6, 2, 5],
			"rotation": {"angle": 0, "axis": "y", "origin": [0.5, 2, -3]},
			"faces": {
				"north": {"uv": [6.25, 5, 6.5, 6], "texture": "#1"},
				"east": {"uv": [5.5, 6.5, 6, 7.5], "texture": "#1"},
				"south": {"uv": [6.75, 4.5, 7, 5.5], "texture": "#1"},
				"west": {"uv": [7.5, 6.5, 8, 7.5], "texture": "#1"},
				"up": {"uv": [6.75, 6.5, 7, 7.5], "texture": "#1"},
				"down": {"uv": [7, 4.5, 7.25, 5.5], "texture": "#1"}
			}
		},
		{
			"from": [5, -1, 2],
			"to": [6, 0, 4],
			"rotation": {"angle": 0, "axis": "y", "origin": [0.5, 2, -3]},
			"faces": {
				"north": {"uv": [8.25, 7.5, 8.5, 8], "texture": "#1"},
				"east": {"uv": [8, 7.5, 8.5, 8], "texture": "#1"},
				"south": {"uv": [9.25, 7.5, 9.5, 8], "texture": "#1"},
				"west": {"uv": [8.75, 7.5, 9.25, 8], "texture": "#1"},
				"up": {"uv": [8.75, 6.5, 9, 7.5], "rotation": 180, "texture": "#1"},
				"down": {"uv": [8.5, 6.5, 8.75, 7.5], "texture": "#1"}
			}
		},
		{
			"from": [5, -1, 9],
			"to": [6, 0, 13],
			"rotation": {"angle": 0, "axis": "y", "origin": [0.5, 2, -3]},
			"faces": {
				"north": {"uv": [8.25, 7.5, 8.5, 8], "texture": "#1"},
				"east": {"uv": [5.5, 9.5, 6.5, 10], "texture": "#1"},
				"south": {"uv": [9.25, 7.5, 9.5, 8], "texture": "#1"},
				"west": {"uv": [6.75, 9.5, 7.75, 10], "texture": "#1"},
				"up": {"uv": [6.75, 7.5, 7, 9.5], "rotation": 180, "texture": "#1"},
				"down": {"uv": [6.5, 7.5, 6.75, 9.5], "texture": "#1"}
			}
		},
		{
			"from": [4.5, 0, 10.5],
			"to": [6.5, 3, 13.5],
			"rotation": {"angle": 0, "axis": "y", "origin": [0.5, 2, -3]},
			"faces": {
				"north": {"uv": [8.25, 11.5, 8.75, 13], "texture": "#1"},
				"east": {"uv": [7.75, 1, 8.5, 2.5], "texture": "#1"},
				"south": {"uv": [7.75, 11.5, 8.25, 13], "texture": "#1"},
				"west": {"uv": [8, 1, 8.75, 2.5], "texture": "#1"},
				"up": {"uv": [8, 3, 8.5, 4.5], "texture": "#1"},
				"down": {"uv": [7.75, 11.5, 8.25, 13], "texture": "#1"}
			}
		},
		{
			"from": [10, -1, 9],
			"to": [11, 0, 13],
			"rotation": {"angle": 0, "axis": "y", "origin": [0.5, 2, -3]},
			"faces": {
				"north": {"uv": [8.25, 7.5, 8.5, 8], "texture": "#1"},
				"east": {"uv": [5.5, 9.5, 6.5, 10], "texture": "#1"},
				"south": {"uv": [9.25, 7.5, 9.5, 8], "texture": "#1"},
				"west": {"uv": [6.75, 9.5, 7.75, 10], "texture": "#1"},
				"up": {"uv": [6.75, 7.5, 7, 9.5], "rotation": 180, "texture": "#1"},
				"down": {"uv": [6.5, 7.5, 6.75, 9.5], "texture": "#1"}
			}
		},
		{
			"from": [9.5, 0, 10.5],
			"to": [11.5, 3, 13.5],
			"rotation": {"angle": 0, "axis": "y", "origin": [0.5, 2, -3]},
			"faces": {
				"north": {"uv": [8.25, 11.5, 8.75, 13], "texture": "#1"},
				"east": {"uv": [7.75, 1, 8.5, 2.5], "texture": "#1"},
				"south": {"uv": [7.75, 11.5, 8.25, 13], "texture": "#1"},
				"west": {"uv": [8, 1, 8.75, 2.5], "texture": "#1"},
				"up": {"uv": [8, 3, 8.5, 4.5], "texture": "#1"},
				"down": {"uv": [7.75, 11.5, 8.25, 13], "texture": "#1"}
			}
		},
		{
			"from": [10, -1, 2],
			"to": [11, 0, 4],
			"rotation": {"angle": 0, "axis": "y", "origin": [0.5, 2, -3]},
			"faces": {
				"north": {"uv": [8.25, 7.5, 8.5, 8], "texture": "#1"},
				"east": {"uv": [8, 7.5, 8.5, 8], "texture": "#1"},
				"south": {"uv": [9.25, 7.5, 9.5, 8], "texture": "#1"},
				"west": {"uv": [8.75, 7.5, 9.25, 8], "texture": "#1"},
				"up": {"uv": [8.75, 6.5, 9, 7.5], "rotation": 180, "texture": "#1"},
				"down": {"uv": [8.5, 6.5, 8.75, 7.5], "texture": "#1"}
			}
		},
		{
			"from": [10, 0, 3],
			"to": [11, 2, 5],
			"rotation": {"angle": 0, "axis": "y", "origin": [0.5, 2, -3]},
			"faces": {
				"north": {"uv": [6.25, 5, 6.5, 6], "texture": "#1"},
				"east": {"uv": [5.5, 6.5, 6, 7.5], "texture": "#1"},
				"south": {"uv": [6.75, 4.5, 7, 5.5], "texture": "#1"},
				"west": {"uv": [7.5, 6.5, 8, 7.5], "texture": "#1"},
				"up": {"uv": [6.75, 6.5, 7, 7.5], "texture": "#1"},
				"down": {"uv": [7, 4.5, 7.25, 5.5], "texture": "#1"}
			}
		}
	],
	"display": {
		"thirdperson_righthand": {
			"rotation": [75, 45, 0],
			"translation": [0, 2.5, 0],
			"scale": [0.375, 0.375, 0.375]
		},
		"thirdperson_lefthand": {
			"rotation": [75, 45, 0],
			"translation": [0, 2.5, 0],
			"scale": [0.375, 0.375, 0.375]
		},
		"firstperson_righthand": {
			"rotation": [-12, 153, 0],
			"translation": [-2, 9.25, -2.75]
		},
		"firstperson_lefthand": {
			"rotation": [-12, 153, 0],
			"translation": [-1.75, 9.25, -2.75]
		},
		"ground": {
			"translation": [0, 2, 0],
			"scale": [0.5, 0.5, 0.5]
		},
		"gui": {
			"rotation": [12, 150, 15],
			"translation": [1.75, 4, 0]
		},
		"head": {
			"translation": [0, 12.5, -1.5],
			"scale": [0.7, 0.7, 0.7]
		},
		"fixed": {
			"rotation": [-90, 180, 0],
			"translation": [0, -2.5, -10.5],
			"scale": [1.2, 1.2, 1.2]
		}
	},
	"groups": [
		0,
		1,
		{
			"name": "rat",
			"origin": [0, 0, 0],
			"color": 0,
			"children": [2, 3, 4, 5, 6, 7, 8, 9, 10, 11]
		},
		12,
		13,
		14,
		15,
		16,
		17,
		18,
		19,
		20,
		21
	]
}