{
	"credit": "Made with Blockbench",
	"texture_size": [64, 32],
	"textures": {
		"0": "block/hat_textures/all_black",
		"particle": "block/hat_textures/all_black"
	},
	"elements": [
		{
			"name": "body",
			"from": [0, -0.25, 6],
			"to": [16, 3.75, 12],
			"faces": {
				"north": {"uv": [6.5, 3, 7.5, 11], "rotation": 270, "texture": "#0"},
				"east": {"uv": [7.5, 0, 8.5, 3], "rotation": 270, "texture": "#0"},
				"south": {"uv": [9, 3, 10, 11], "rotation": 270, "texture": "#0"},
				"west": {"uv": [6.5, 0, 7.5, 3], "rotation": 270, "texture": "#0"},
				"up": {"uv": [5, 3, 6.5, 11], "rotation": 270, "texture": "#0"},
				"down": {"uv": [7.5, 3, 9, 11], "rotation": 270, "texture": "#0"}
			}
		},
		{
			"name": "head",
			"from": [-2.86345, 0, 5.76849],
			"to": [2.13655, 4, 10.76849],
			"rotation": {"angle": 45, "axis": "y", "origin": [-0.36345, 3, 8.26849]},
			"faces": {
				"north": {"uv": [1.25, 2.5, 2.5, 4.5], "texture": "#0"},
				"east": {"uv": [0, 2.5, 1.25, 4.5], "texture": "#0"},
				"south": {"uv": [3.75, 2.5, 5, 4.5], "texture": "#0"},
				"west": {"uv": [2.5, 2.5, 3.75, 4.5], "texture": "#0"},
				"up": {"uv": [1.25, 0, 2.5, 2.5], "rotation": 180, "texture": "#0"},
				"down": {"uv": [2.5, 0, 3.75, 2.5], "texture": "#0"}
			}
		},
		{
			"from": [0.63655, 4, 8.76849],
			"to": [1.63655, 5, 10.76849],
			"rotation": {"angle": 45, "axis": "y", "origin": [-0.36345, 3, 8.26849]},
			"faces": {
				"north": {"uv": [2.25, 5, 2.5, 6], "texture": "#0"},
				"east": {"uv": [2.25, 6, 2.75, 6.5], "texture": "#0"},
				"south": {"uv": [2.25, 5, 2.5, 6], "texture": "#0"},
				"west": {"uv": [2.25, 5, 2.5, 6], "texture": "#0"},
				"up": {"uv": [2.25, 5, 2.5, 6], "rotation": 180, "texture": "#0"},
				"down": {"uv": [2.25, 5, 2.5, 6], "rotation": 180, "texture": "#0"}
			}
		},
		{
			"from": [-2.36345, 4, 8.76849],
			"to": [-1.36345, 5, 10.76849],
			"rotation": {"angle": 45, "axis": "y", "origin": [-0.36345, 3, 8.26849]},
			"faces": {
				"north": {"uv": [2.25, 5, 2.5, 6], "texture": "#0"},
				"east": {"uv": [2.25, 5, 2.5, 6], "texture": "#0"},
				"south": {"uv": [2.25, 5, 2.5, 6], "texture": "#0"},
				"west": {"uv": [2.25, 6, 2.75, 6.5], "texture": "#0"},
				"up": {"uv": [2.25, 5, 2.5, 6], "rotation": 180, "texture": "#0"},
				"down": {"uv": [2.25, 5, 2.5, 6], "rotation": 180, "texture": "#0"}
			}
		},
		{
			"from": [-1.86345, 0, 4.76849],
			"to": [1.13655, 2, 5.76849],
			"rotation": {"angle": 45, "axis": "y", "origin": [-0.36345, 3, 8.26849]},
			"faces": {
				"north": {"uv": [0.5, 13, 1.25, 14], "texture": "#0"},
				"east": {"uv": [1.5, 3.5, 1.75, 4.5], "texture": "#0"},
				"south": {"uv": [1.25, 12, 2, 13], "texture": "#0"},
				"west": {"uv": [1.5, 4, 1.75, 5], "texture": "#0"},
				"up": {"uv": [0.5, 12.5, 1.25, 13], "texture": "#0"},
				"down": {"uv": [1.25, 12.5, 2, 13], "texture": "#0"}
			}
		},
		{
			"from": [0.25, 2, 1.25],
			"to": [2.25, 4, 7.25],
			"rotation": {"angle": -45, "axis": "x", "origin": [1.25, 3, 7.25]},
			"faces": {
				"north": {"uv": [10.5, 4.5, 11, 5.5], "rotation": 180, "texture": "#0"},
				"east": {"uv": [11.5, 2.5, 12, 5.5], "rotation": 270, "texture": "#0"},
				"south": {"uv": [10.5, 0, 11, 1], "texture": "#0"},
				"west": {"uv": [10.5, 3, 11, 6], "rotation": 90, "texture": "#0"},
				"up": {"uv": [10, 2.5, 10.5, 5.5], "rotation": 180, "texture": "#0"},
				"down": {"uv": [11, 3, 11.5, 6], "texture": "#0"}
			}
		},
		{
			"from": [1, -0.5, 2],
			"to": [3, 1.5, 8],
			"rotation": {"angle": -22.5, "axis": "y", "origin": [2, 0.5, 8]},
			"faces": {
				"north": {"uv": [10.5, 4.5, 11, 5.5], "rotation": 180, "texture": "#0"},
				"east": {"uv": [11.5, 2.5, 12, 5.5], "rotation": 270, "texture": "#0"},
				"south": {"uv": [10.5, 0, 11, 1], "texture": "#0"},
				"west": {"uv": [10.5, 3, 11, 6], "rotation": 90, "texture": "#0"},
				"up": {"uv": [10, 2.5, 10.5, 5.5], "rotation": 180, "texture": "#0"},
				"down": {"uv": [11, 3, 11.5, 6], "texture": "#0"}
			}
		},
		{
			"from": [12.5, 2, 0.5],
			"to": [14.5, 4, 6.5],
			"rotation": {"angle": -22.5, "axis": "x", "origin": [13.5, 3, 6.5]},
			"faces": {
				"north": {"uv": [3.5, 9.5, 4, 10.5], "rotation": 180, "texture": "#0"},
				"east": {"uv": [3.5, 7.5, 4, 10.5], "rotation": 270, "texture": "#0"},
				"south": {"uv": [2.5, 6.5, 3, 7.5], "texture": "#0"},
				"west": {"uv": [2.5, 7.5, 3, 10.5], "rotation": 90, "texture": "#0"},
				"up": {"uv": [2, 7.5, 2.5, 10.5], "rotation": 180, "texture": "#0"},
				"down": {"uv": [3, 7.5, 3.5, 10.5], "texture": "#0"}
			}
		},
		{
			"from": [12.5, -0.5, 1],
			"to": [14.5, 1.5, 7],
			"rotation": {"angle": 22.5, "axis": "y", "origin": [13.5, 0.5, 7]},
			"faces": {
				"north": {"uv": [3.5, 9.5, 4, 10.5], "rotation": 180, "texture": "#0"},
				"east": {"uv": [3.5, 7.5, 4, 10.5], "rotation": 270, "texture": "#0"},
				"south": {"uv": [2.5, 6.5, 3, 7.5], "texture": "#0"},
				"west": {"uv": [2.5, 7.5, 3, 10.5], "rotation": 90, "texture": "#0"},
				"up": {"uv": [2, 7.5, 2.5, 10.5], "rotation": 180, "texture": "#0"},
				"down": {"uv": [3, 7.5, 3.5, 10.5], "texture": "#0"}
			}
		},
		{
			"from": [15.75, -4.75, 9.75],
			"to": [16.75, 2.25, 10.75],
			"rotation": {"angle": 22.5, "axis": "x", "origin": [16.25, 2.25, 10.25]},
			"faces": {
				"north": {"uv": [1.75, 8, 2, 12], "rotation": 180, "texture": "#0"},
				"east": {"uv": [1.75, 8, 2, 12], "rotation": 180, "texture": "#0"},
				"south": {"uv": [1.75, 8, 2, 12], "rotation": 180, "texture": "#0"},
				"west": {"uv": [1.75, 8, 2, 12], "rotation": 180, "texture": "#0"},
				"up": {"uv": [1.75, 8, 2, 12], "rotation": 180, "texture": "#0"},
				"down": {"uv": [1.75, 8, 2, 12], "rotation": 180, "texture": "#0"}
			}
		},
		{
			"from": [15.75, -12, 7.1],
			"to": [16.75, -4, 8.1],
			"rotation": {"angle": 0, "axis": "y", "origin": [16.25, -4, 7.6]},
			"faces": {
				"north": {"uv": [1.75, 8, 2, 12], "rotation": 180, "texture": "#0"},
				"east": {"uv": [1.75, 8, 2, 12], "rotation": 180, "texture": "#0"},
				"south": {"uv": [1.75, 8, 2, 12], "rotation": 180, "texture": "#0"},
				"west": {"uv": [1.75, 8, 2, 12], "rotation": 180, "texture": "#0"},
				"up": {"uv": [1.75, 8, 2, 12], "rotation": 180, "texture": "#0"},
				"down": {"uv": [1.75, 8, 2, 12], "rotation": 180, "texture": "#0"}
			}
		}
	],
	"display": {
		"thirdperson_righthand": {
			"rotation": [0, -180, 0],
			"translation": [-6.5, 7, 3]
		},
		"thirdperson_lefthand": {
			"rotation": [0, -180, 0],
			"translation": [-6.5, 7, 3]
		},
		"firstperson_righthand": {
			"rotation": [0, 153, 0],
			"translation": [-11.75, 12.5, 0]
		},
		"firstperson_lefthand": {
			"rotation": [0, -160, 0],
			"translation": [-6, 12.5, 0.75]
		},
		"ground": {
			"translation": [0, 4.5, 0]
		},
		"gui": {
			"rotation": [15, 135, 15],
			"translation": [1.25, 5.25, 0],
			"scale": [0.8, 0.8, 0.8]
		},
		"head": {
			"rotation": [0, -20, 0],
			"translation": [0.75, 12.75, 1.25],
			"scale": [0.8, 0.8, 0.8]
		},
		"fixed": {
			"rotation": [-90, 41, 0],
			"translation": [0.75, 0, -7]
		}
	},
	"groups": [
		0,
		{
			"name": "head",
			"origin": [0, 0, 0],
			"color": 0,
			"children": [1, 2, 3, 4]
		},
		5,
		6,
		7,
		8,
		9,
		10
	]
}