{
	"credit": "Made with Blockbench",
	"textures": {
		"0": "block/iron_block",
		"1": "block/hat_textures/clearvisor",
		"particle": "block/iron_block"
	},
	"elements": [
		{
			"from": [3, 1, 12],
			"to": [12, 9, 13],
			"faces": {
				"north": {"uv": [0, 0, 9, 8], "texture": "#0"},
				"east": {"uv": [0, 0, 1, 8], "texture": "#0"},
				"south": {"uv": [0, 1, 9, 9], "texture": "#0"},
				"west": {"uv": [0, 0, 1, 8], "texture": "#0"},
				"up": {"uv": [0, 0, 9, 1], "texture": "#0"},
				"down": {"uv": [0, 0, 9, 1], "texture": "#0"}
			}
		},
		{
			"from": [3, 0, 12],
			"to": [12, 1, 13],
			"faces": {
				"north": {"uv": [4, 15, 13, 16], "texture": "#0"},
				"east": {"uv": [0, 0, 1, 1], "texture": "#0"},
				"south": {"uv": [4, 0, 13, 1], "texture": "#0"},
				"west": {"uv": [0, 0, 1, 1], "texture": "#0"},
				"up": {"uv": [0, 0, 9, 1], "texture": "#0"},
				"down": {"uv": [0, 0, 9, 1], "texture": "#0"}
			}
		},
		{
			"from": [12, 0, 12],
			"to": [13, 9, 13],
			"faces": {
				"north": {"uv": [0, 0, 1, 9], "texture": "#0"},
				"east": {"uv": [0, 0, 1, 9], "texture": "#0"},
				"south": {"uv": [0, 1, 1, 10], "texture": "#0"},
				"west": {"uv": [0, 0, 1, 9], "texture": "#0"},
				"up": {"uv": [0, 0, 1, 1], "texture": "#0"},
				"down": {"uv": [0, 0, 1, 1], "texture": "#0"}
			}
		},
		{
			"from": [3, 2, 13],
			"to": [13, 7, 14],
			"faces": {
				"north": {"uv": [0, 0, 10, 5], "texture": "#0"},
				"east": {"uv": [15, 7, 16, 12], "texture": "#0"},
				"south": {"uv": [2, 7, 12, 12], "texture": "#0"},
				"west": {"uv": [0, 3, 1, 8], "texture": "#0"},
				"up": {"uv": [2, 0, 12, 1], "texture": "#0"},
				"down": {"uv": [2, 15, 12, 16], "texture": "#0"}
			}
		},
		{
			"from": [3, 0, 3],
			"to": [4, 9, 12],
			"faces": {
				"north": {"uv": [0, 0, 1, 9], "texture": "#0"},
				"east": {"uv": [0, 0, 9, 9], "texture": "#0"},
				"south": {"uv": [0, 0, 1, 9], "texture": "#0"},
				"west": {"uv": [0, 7, 9, 16], "texture": "#0"},
				"up": {"uv": [0, 0, 1, 9], "texture": "#0"},
				"down": {"uv": [0, 0, 1, 9], "texture": "#0"}
			}
		},
		{
			"from": [12, 0, 3],
			"to": [13, 9, 12],
			"faces": {
				"north": {"uv": [0, 0, 1, 9], "texture": "#0"},
				"east": {"uv": [7, 7, 16, 16], "texture": "#0"},
				"south": {"uv": [0, 0, 1, 9], "texture": "#0"},
				"west": {"uv": [0, 0, 9, 9], "texture": "#0"},
				"up": {"uv": [0, 0, 1, 9], "texture": "#0"},
				"down": {"uv": [0, 0, 1, 9], "texture": "#0"}
			}
		},
		{
			"from": [4, 0, 3],
			"to": [12, 2, 4],
			"faces": {
				"north": {"uv": [6, 14, 14, 16], "texture": "#0"},
				"east": {"uv": [0, 0, 1, 2], "texture": "#0"},
				"south": {"uv": [0, 0, 8, 2], "texture": "#0"},
				"west": {"uv": [0, 0, 1, 2], "texture": "#0"},
				"up": {"uv": [0, 0, 8, 1], "texture": "#0"},
				"down": {"uv": [0, 0, 8, 1], "texture": "#0"}
			}
		},
		{
			"from": [2, 0, 2],
			"to": [7, 2, 3],
			"faces": {
				"north": {"uv": [5, 14, 10, 16], "texture": "#0"},
				"east": {"uv": [12, 14, 13, 16], "texture": "#0"},
				"south": {"uv": [1, 1, 6, 3], "texture": "#0"},
				"west": {"uv": [1, 14, 2, 16], "texture": "#0"},
				"up": {"uv": [1, 1, 6, 2], "texture": "#0"},
				"down": {"uv": [1, 0, 6, 1], "texture": "#0"}
			}
		},
		{
			"from": [2, 0, 3],
			"to": [3, 2, 7],
			"faces": {
				"north": {"uv": [1, 11, 2, 13], "texture": "#0"},
				"east": {"uv": [1, 14, 5, 16], "texture": "#0"},
				"south": {"uv": [1, 11, 2, 13], "texture": "#0"},
				"west": {"uv": [1, 14, 5, 16], "texture": "#0"},
				"up": {"uv": [1, 11, 2, 15], "texture": "#0"},
				"down": {"uv": [0, 11, 1, 15], "texture": "#0"}
			}
		},
		{
			"from": [2, 0, 7],
			"to": [3, 8, 9],
			"faces": {
				"north": {"uv": [14, 8, 15, 16], "texture": "#0"},
				"east": {"uv": [14, 8, 16, 16], "texture": "#0"},
				"south": {"uv": [15, 7, 16, 15], "texture": "#0"},
				"west": {"uv": [14, 8, 16, 16], "texture": "#0"},
				"up": {"uv": [15, 5, 16, 7], "texture": "#0"},
				"down": {"uv": [15, 3, 16, 5], "texture": "#0"}
			}
		},
		{
			"from": [13, 0, 3],
			"to": [14, 2, 7],
			"faces": {
				"north": {"uv": [1, 11, 2, 13], "texture": "#0"},
				"east": {"uv": [1, 14, 5, 16], "texture": "#0"},
				"south": {"uv": [1, 11, 2, 13], "texture": "#0"},
				"west": {"uv": [1, 14, 5, 16], "texture": "#0"},
				"up": {"uv": [1, 11, 2, 15], "texture": "#0"},
				"down": {"uv": [0, 11, 1, 15], "texture": "#0"}
			}
		},
		{
			"from": [9, 0, 2],
			"to": [14, 2, 3],
			"faces": {
				"north": {"uv": [5, 14, 10, 16], "texture": "#0"},
				"east": {"uv": [12, 14, 13, 16], "texture": "#0"},
				"south": {"uv": [1, 1, 6, 3], "texture": "#0"},
				"west": {"uv": [1, 14, 2, 16], "texture": "#0"},
				"up": {"uv": [1, 1, 6, 2], "texture": "#0"},
				"down": {"uv": [1, 0, 6, 1], "texture": "#0"}
			}
		},
		{
			"from": [13, 0, 7],
			"to": [14, 8, 9],
			"faces": {
				"north": {"uv": [14, 8, 15, 16], "texture": "#0"},
				"east": {"uv": [0, 8, 2, 16], "texture": "#0"},
				"south": {"uv": [15, 7, 16, 15], "texture": "#0"},
				"west": {"uv": [0, 8, 2, 16], "texture": "#0"},
				"up": {"uv": [15, 5, 16, 7], "texture": "#0"},
				"down": {"uv": [15, 3, 16, 5], "texture": "#0"}
			}
		},
		{
			"from": [4, 2, 3],
			"to": [12, 9, 4],
			"faces": {
				"north": {"uv": [0, 4, 8, 11], "texture": "#1"},
				"east": {"uv": [0, 0, 1, 7], "texture": "#1"},
				"south": {"uv": [0, 4, 8, 11], "texture": "#1"},
				"west": {"uv": [0, 0, 1, 7], "texture": "#1"},
				"up": {"uv": [0, 15, 8, 16], "texture": "#1"},
				"down": {"uv": [0, 0, 8, 1], "texture": "#1"}
			}
		},
		{
			"from": [4, 9, 3],
			"to": [12, 10, 6],
			"faces": {
				"north": {"uv": [0, 3, 8, 4], "texture": "#1"},
				"east": {"uv": [0, 0, 3, 1], "texture": "#1"},
				"south": {"uv": [0, 0, 8, 1], "texture": "#1"},
				"west": {"uv": [0, 0, 3, 1], "texture": "#1"},
				"up": {"uv": [0, 0, 8, 3], "rotation": 180, "texture": "#1"},
				"down": {"uv": [0, 0, 8, 3], "texture": "#1"}
			}
		},
		{
			"from": [3, 9, 6],
			"to": [12, 10, 12],
			"faces": {
				"north": {"uv": [0, 0, 9, 1], "texture": "#0"},
				"east": {"uv": [0, 0, 6, 1], "texture": "#0"},
				"south": {"uv": [0, 0, 9, 1], "texture": "#0"},
				"west": {"uv": [3, 0, 9, 1], "texture": "#0"},
				"up": {"uv": [0, 0, 9, 6], "texture": "#0"},
				"down": {"uv": [5, 0, 14, 6], "texture": "#0"}
			}
		},
		{
			"from": [12, 9, 6],
			"to": [13, 10, 13],
			"faces": {
				"north": {"uv": [0, 0, 1, 1], "texture": "#0"},
				"east": {"uv": [0, 0, 7, 1], "texture": "#0"},
				"south": {"uv": [0, 0, 1, 1], "texture": "#0"},
				"west": {"uv": [3, 0, 10, 1], "texture": "#0"},
				"up": {"uv": [0, 0, 1, 7], "texture": "#0"},
				"down": {"uv": [5, 0, 6, 7], "texture": "#0"}
			}
		},
		{
			"from": [3, 9, 12],
			"to": [12, 10, 13],
			"faces": {
				"north": {"uv": [0, 0, 9, 1], "texture": "#0"},
				"east": {"uv": [0, 0, 1, 1], "texture": "#0"},
				"south": {"uv": [4, 0, 13, 1], "texture": "#0"},
				"west": {"uv": [3, 0, 4, 1], "texture": "#0"},
				"up": {"uv": [2, 0, 11, 1], "texture": "#0"},
				"down": {"uv": [5, 0, 14, 1], "texture": "#0"}
			}
		},
		{
			"from": [12, 9, 3],
			"to": [13, 10, 6],
			"faces": {
				"north": {"uv": [0, 0, 1, 1], "texture": "#0"},
				"east": {"uv": [0, 0, 3, 1], "texture": "#0"},
				"south": {"uv": [0, 0, 1, 1], "texture": "#0"},
				"west": {"uv": [0, 0, 3, 1], "texture": "#0"},
				"up": {"uv": [0, 0, 1, 3], "texture": "#0"},
				"down": {"uv": [0, 0, 1, 3], "texture": "#0"}
			}
		},
		{
			"from": [3, 9, 3],
			"to": [4, 10, 6],
			"faces": {
				"north": {"uv": [0, 0, 1, 1], "texture": "#0"},
				"east": {"uv": [0, 0, 3, 1], "texture": "#0"},
				"south": {"uv": [0, 0, 1, 1], "texture": "#0"},
				"west": {"uv": [0, 0, 3, 1], "texture": "#0"},
				"up": {"uv": [0, 0, 1, 3], "texture": "#0"},
				"down": {"uv": [0, 0, 1, 3], "texture": "#0"}
			}
		}
	],
	"display": {
		"thirdperson_righthand": {
			"translation": [0, 3.75, 0],
			"scale": [0.5, 0.5, 0.5]
		},
		"thirdperson_lefthand": {
			"translation": [0, 3.75, 0],
			"scale": [0.5, 0.5, 0.5]
		},
		"firstperson_righthand": {
			"rotation": [-10, 0, 5],
			"translation": [-0.25, 6.5, 2],
			"scale": [0.5, 0.5, 0.5]
		},
		"firstperson_lefthand": {
			"rotation": [-10, 0, 5],
			"translation": [-0.25, 6.5, 2],
			"scale": [0.5, 0.5, 0.5]
		},
		"ground": {
			"translation": [0, 6, 0]
		},
		"gui": {
			"rotation": [15, 0, 15],
			"translation": [-1, 1.5, 0],
			"scale": [0.75, 0.75, 0.75]
		},
		"head": {
			"translation": [0, 4.25, 0],
			"scale": [1.4, 1.4, 1.4]
		}
	}
}