{
	"credit": "Made with Blockbench",
	"texture_size": [32, 32],
	"textures": {
		"0": "block/hat_textures/television",
		"1": "block/hat_textures/tverror",
		"particle": "block/hat_textures/television"
	},
	"elements": [
		{
			"from": [12, 0, 3],
			"to": [14, 11, 4],
			"rotation": {"angle": 0, "axis": "y", "origin": [-1, 0, 0]},
			"faces": {
				"north": {"uv": [0.5, 0.5, 1.5, 6], "texture": "#0"},
				"east": {"uv": [0.5, 0.5, 1, 6], "texture": "#0"},
				"south": {"uv": [7.5, 0.5, 8.5, 6], "texture": "#0"},
				"west": {"uv": [6, 0.5, 5.5, 6], "texture": "#0"},
				"up": {"uv": [0.5, 6.5, 1.5, 7], "texture": "#0"},
				"down": {"uv": [0.5, 10.5, 1.5, 11], "texture": "#0"}
			}
		},
		{
			"from": [0, 0, 3],
			"to": [4, 11, 4],
			"rotation": {"angle": 0, "axis": "y", "origin": [-1, 0, 0]},
			"faces": {
				"north": {"uv": [5.5, 0.5, 7.5, 6], "texture": "#0"},
				"east": {"uv": [1, 0.5, 1.5, 6], "texture": "#0"},
				"south": {"uv": [14, 10.5, 16, 16], "texture": "#0"},
				"west": {"uv": [8.5, 10.5, 14, 11], "rotation": 90, "texture": "#0"},
				"up": {"uv": [5.5, 6.5, 7.5, 7], "texture": "#0"},
				"down": {"uv": [5.5, 10.5, 7.5, 11], "texture": "#0"}
			}
		},
		{
			"from": [2, 2, 12],
			"to": [12, 9, 14],
			"rotation": {"angle": 0, "axis": "y", "origin": [-1, 0, 0]},
			"faces": {
				"north": {"uv": [11, 12.5, 16, 16], "texture": "#0"},
				"east": {"uv": [14, 1.5, 15, 5], "texture": "#0"},
				"south": {"uv": [9.5, 1.5, 14.5, 5], "texture": "#0"},
				"west": {"uv": [9, 1.5, 10, 5], "texture": "#0"},
				"up": {"uv": [9.5, 1, 14.5, 2], "texture": "#0"},
				"down": {"uv": [9.5, 4.5, 14.5, 5.5], "texture": "#0"}
			}
		},
		{
			"from": [4, 0, 3],
			"to": [12, 2, 4],
			"rotation": {"angle": 0, "axis": "y", "origin": [-1, 0, 0]},
			"faces": {
				"north": {"uv": [1.5, 5, 5.5, 6], "texture": "#0"},
				"east": {"uv": [0, 0, 0.5, 1], "texture": "#0"},
				"south": {"uv": [5.5, 13, 9.5, 14], "texture": "#0"},
				"west": {"uv": [0, 0, 0.5, 1], "texture": "#0"},
				"up": {"uv": [1.5, 1, 5.5, 1.5], "texture": "#0"},
				"down": {"uv": [1.5, 10.5, 5.5, 11], "texture": "#0"}
			}
		},
		{
			"from": [4, 9, 3],
			"to": [12, 11, 4],
			"rotation": {"angle": 0, "axis": "y", "origin": [-1, 0, 0]},
			"faces": {
				"north": {"uv": [1.5, 0.5, 5.5, 1.5], "texture": "#0"},
				"east": {"uv": [0, 0, 0.5, 1], "texture": "#0"},
				"south": {"uv": [0, 0, 4, 1], "texture": "#0"},
				"west": {"uv": [0, 0, 0.5, 1], "texture": "#0"},
				"up": {"uv": [1.5, 6.5, 5.5, 7], "texture": "#0"},
				"down": {"uv": [1.5, 5, 5.5, 5.5], "texture": "#0"}
			}
		},
		{
			"from": [0, 0, 4],
			"to": [14, 11, 12],
			"rotation": {"angle": 0, "axis": "y", "origin": [-1, 0, 0]},
			"faces": {
				"north": {"uv": [0.5, 0.5, 7.5, 6], "texture": "#0"},
				"east": {"uv": [8.5, 7, 14, 11], "rotation": 90, "texture": "#0"},
				"south": {"uv": [8.5, 0.5, 15.5, 6], "texture": "#0"},
				"west": {"uv": [8.5, 6.5, 14, 10.5], "rotation": 90, "texture": "#0"},
				"up": {"uv": [0.5, 7, 7.5, 11], "texture": "#0"},
				"down": {"uv": [0.5, 6.5, 7.5, 10.5], "texture": "#0"}
			}
		},
		{
			"from": [6, 11, 7],
			"to": [8, 12, 9],
			"rotation": {"angle": 0, "axis": "y", "origin": [-1, 0, 0]},
			"faces": {
				"north": {"uv": [1, 13, 2, 13.5], "texture": "#0"},
				"east": {"uv": [0.5, 12, 1, 13], "rotation": 90, "texture": "#0"},
				"south": {"uv": [1, 11.5, 2, 12], "texture": "#0"},
				"west": {"uv": [2, 12, 2.5, 13], "rotation": 90, "texture": "#0"},
				"up": {"uv": [1, 12, 2, 13], "texture": "#0"},
				"down": {"uv": [1, 14, 2, 15], "texture": "#0"}
			}
		},
		{
			"from": [1, 6, 2.5],
			"to": [3, 8, 3],
			"rotation": {"angle": 0, "axis": "y", "origin": [-1, 0, 0]},
			"faces": {
				"north": {"uv": [3, 13, 4, 14], "texture": "#0"},
				"east": {"uv": [3, 13, 3.25, 14], "texture": "#0"},
				"south": {"uv": [5.5, 13, 6.5, 14], "texture": "#0"},
				"west": {"uv": [3, 13, 3.25, 14], "texture": "#0"},
				"up": {"uv": [3, 13, 4, 13.25], "texture": "#0"},
				"down": {"uv": [3, 13, 4, 13.25], "texture": "#0"}
			}
		},
		{
			"from": [1, 3, 2.75],
			"to": [3, 4, 3],
			"rotation": {"angle": 0, "axis": "y", "origin": [-1, 0, 0]},
			"faces": {
				"north": {"uv": [3.5, 13, 4.5, 13.5], "texture": "#0"},
				"east": {"uv": [3.5, 13, 3.625, 13.5], "texture": "#0"},
				"south": {"uv": [3.5, 12.5, 4.5, 13], "texture": "#0"},
				"west": {"uv": [4.5, 13.5, 4.625, 14], "texture": "#0"},
				"up": {"uv": [3.5, 13.5, 4.5, 13.625], "rotation": 180, "texture": "#0"},
				"down": {"uv": [4.5, 13, 3.5, 13.125], "texture": "#0"}
			}
		},
		{
			"from": [7, 12, 7.5],
			"to": [7, 20, 8.5],
			"rotation": {"angle": -45, "axis": "z", "origin": [7, 12, 8]},
			"faces": {
				"north": {"uv": [10, 12, 14, 12.5], "rotation": 90, "texture": "#0"},
				"east": {"uv": [3, 11.5, 7, 12], "rotation": 270, "texture": "#0"},
				"south": {"uv": [10, 12, 14, 12.5], "rotation": 90, "texture": "#0"},
				"west": {"uv": [5, 12, 9, 12.5], "rotation": 270, "texture": "#0"},
				"up": {"uv": [0, 0, 0.5, 0.5], "texture": "#0"},
				"down": {"uv": [0, 0, 0.5, 0.5], "texture": "#0"}
			}
		},
		{
			"from": [-1, 12, 7.5],
			"to": [7, 12, 8.5],
			"rotation": {"angle": -22.5, "axis": "z", "origin": [7, 12, 8]},
			"faces": {
				"north": {"uv": [10, 12, 14, 12.5], "rotation": 180, "texture": "#0"},
				"east": {"uv": [0, 0, 0.5, 0.5], "rotation": 90, "texture": "#0"},
				"south": {"uv": [10, 12, 14, 12.5], "texture": "#0"},
				"west": {"uv": [0, 0, 0.5, 0.5], "rotation": 90, "texture": "#0"},
				"up": {"uv": [5.5, 11.5, 9.5, 12], "rotation": 180, "texture": "#0"},
				"down": {"uv": [3.5, 12, 7.5, 12.5], "rotation": 180, "texture": "#0"}
			}
		},
		{
			"from": [4, 2, 3.75],
			"to": [12, 9, 4.75],
			"rotation": {"angle": 0, "axis": "y", "origin": [-1, 0, 0]},
			"faces": {
				"north": {"uv": [1.5, 1.5, 5.5, 5], "texture": "#1"},
				"east": {"uv": [1.5, 5, 2, 8.5], "texture": "#1"},
				"south": {"uv": [1.5, 5, 5.5, 8.5], "texture": "#1"},
				"west": {"uv": [1.5, 5, 2, 8.5], "texture": "#1"},
				"up": {"uv": [1.5, 5, 5.5, 5.5], "texture": "#1"},
				"down": {"uv": [1.5, 5, 5.5, 5.5], "texture": "#1"}
			}
		}
	],
	"display": {
		"thirdperson_righthand": {
			"rotation": [75, 45, 0],
			"translation": [0, 2.5, 0],
			"scale": [0.375, 0.375, 0.375]
		},
		"thirdperson_lefthand": {
			"rotation": [75, 45, 0],
			"translation": [0, 2.5, 0],
			"scale": [0.375, 0.375, 0.375]
		},
		"firstperson_righthand": {
			"rotation": [0, 45, 0],
			"scale": [0.5, 0.5, 0.5]
		},
		"firstperson_lefthand": {
			"rotation": [0, 45, 0],
			"scale": [0.5, 0.5, 0.5]
		},
		"ground": {
			"translation": [0, 2, 0],
			"scale": [0.5, 0.5, 0.5]
		},
		"gui": {
			"rotation": [30, 225, 0],
			"translation": [-0.75, 0.5, 0],
			"scale": [0.75, 0.75, 0.75]
		},
		"head": {
			"translation": [0, 4, 0],
			"scale": [1.58, 1.58, 1.58]
		},
		"fixed": {
			"rotation": [-90, 0, 0],
			"translation": [2.75, 0.75, -22],
			"scale": [2.75, 2.75, 2.75]
		}
	}
}