{
	"credit": "Made with Blockbench",
	"textures": {
		"0": "block/hat_textures/redtexture",
		"1": "block/hat_textures/greentexture",
		"particle": "block/hat_textures/redtexture"
	},
	"elements": [
		{
			"from": [4, 0, -2],
			"to": [12, 1, 18],
			"rotation": {"angle": 0, "axis": "y", "origin": [8, 0.5, 8]},
			"faces": {
				"north": {"uv": [0, 0, 1, 12], "rotation": 90, "texture": "#0"},
				"east": {"uv": [0, 0, 16, 1], "texture": "#0"},
				"south": {"uv": [0, 0, 12, 1], "texture": "#0"},
				"west": {"uv": [0, 0, 16, 1], "texture": "#0"},
				"up": {"uv": [1, 0, 9, 16], "texture": "#0"},
				"down": {"uv": [0, 0, 8, 16], "texture": "#0"}
			}
		},
		{
			"from": [19.65, -7.1, 3],
			"to": [21.65, -6.1, 13],
			"rotation": {"angle": 45, "axis": "z", "origin": [8.65, -6.6, 8]},
			"faces": {
				"north": {"uv": [0, 0, 1, 2], "rotation": 90, "texture": "#0"},
				"east": {"uv": [0, 0, 10, 1], "texture": "#0"},
				"south": {"uv": [0, 0, 2, 1], "texture": "#0"},
				"west": {"uv": [0, 0, 10, 1], "texture": "#0"},
				"up": {"uv": [1, 0, 3, 10], "texture": "#0"},
				"down": {"uv": [0, 0, 2, 10], "texture": "#0"}
			}
		},
		{
			"from": [-1.25, -3.6, 1],
			"to": [0.75, -2.6, 15],
			"rotation": {"angle": -22.5, "axis": "z", "origin": [10, -2.5, 8]},
			"faces": {
				"north": {"uv": [0, 0, 1, 2], "rotation": 90, "texture": "#0"},
				"east": {"uv": [0, 0, 14, 1], "texture": "#0"},
				"south": {"uv": [0, 0, 2, 1], "texture": "#0"},
				"west": {"uv": [0, 0, 14, 1], "texture": "#0"},
				"up": {"uv": [1, 0, 3, 14], "texture": "#0"},
				"down": {"uv": [0, 0, 2, 14], "texture": "#0"}
			}
		},
		{
			"from": [1, 0, 0],
			"to": [2, 1, 16],
			"rotation": {"angle": 0, "axis": "y", "origin": [2, 0, 0]},
			"faces": {
				"north": {"uv": [0, 0, 1, 1], "rotation": 90, "texture": "#0"},
				"east": {"uv": [0, 0, 16, 1], "texture": "#0"},
				"south": {"uv": [0, 0, 1, 1], "texture": "#0"},
				"west": {"uv": [0, 0, 16, 1], "texture": "#0"},
				"up": {"uv": [1, 0, 2, 16], "texture": "#0"},
				"down": {"uv": [0, 0, 1, 16], "texture": "#0"}
			}
		},
		{
			"from": [2, 0, -1],
			"to": [4, 1, 17],
			"rotation": {"angle": 0, "axis": "y", "origin": [2, 0, 0]},
			"faces": {
				"north": {"uv": [0, 0, 1, 2], "rotation": 90, "texture": "#0"},
				"east": {"uv": [0, 0, 16, 1], "texture": "#0"},
				"south": {"uv": [0, 0, 2, 1], "texture": "#0"},
				"west": {"uv": [0, 0, 16, 1], "texture": "#0"},
				"up": {"uv": [1, 0, 3, 16], "texture": "#0"},
				"down": {"uv": [0, 0, 2, 16], "texture": "#0"}
			}
		},
		{
			"from": [12, 0, -1],
			"to": [14, 1, 17],
			"rotation": {"angle": 0, "axis": "y", "origin": [-2, 0, 0]},
			"faces": {
				"north": {"uv": [0, 0, 1, 2], "rotation": 90, "texture": "#0"},
				"east": {"uv": [0, 0, 16, 1], "texture": "#0"},
				"south": {"uv": [0, 0, 2, 1], "texture": "#0"},
				"west": {"uv": [0, 0, 16, 1], "texture": "#0"},
				"up": {"uv": [1, 0, 3, 16], "texture": "#0"},
				"down": {"uv": [0, 0, 2, 16], "texture": "#0"}
			}
		},
		{
			"from": [14, 0, 0],
			"to": [15, 1, 16],
			"rotation": {"angle": 0, "axis": "y", "origin": [-2, 0, 0]},
			"faces": {
				"north": {"uv": [0, 0, 1, 1], "rotation": 90, "texture": "#0"},
				"east": {"uv": [0, 0, 16, 1], "texture": "#0"},
				"south": {"uv": [0, 0, 1, 1], "texture": "#0"},
				"west": {"uv": [0, 0, 16, 1], "texture": "#0"},
				"up": {"uv": [1, 0, 2, 16], "texture": "#0"},
				"down": {"uv": [0, 0, 1, 16], "texture": "#0"}
			}
		},
		{
			"from": [-5.7, -7.1, 3],
			"to": [-3.7, -6.1, 13],
			"rotation": {"angle": -45, "axis": "z", "origin": [7.3, -6.6, 8]},
			"faces": {
				"north": {"uv": [0, 0, 1, 2], "rotation": 90, "texture": "#0"},
				"east": {"uv": [0, 0, 10, 1], "texture": "#0"},
				"south": {"uv": [0, 0, 2, 1], "texture": "#0"},
				"west": {"uv": [0, 0, 10, 1], "texture": "#0"},
				"up": {"uv": [1, 0, 3, 10], "texture": "#0"},
				"down": {"uv": [0, 0, 2, 10], "texture": "#0"}
			}
		},
		{
			"from": [15.25, -3.6, 1],
			"to": [17.25, -2.6, 15],
			"rotation": {"angle": 22.5, "axis": "z", "origin": [6, -2.5, 8]},
			"faces": {
				"north": {"uv": [0, 0, 1, 2], "rotation": 90, "texture": "#0"},
				"east": {"uv": [0, 0, 14, 1], "texture": "#0"},
				"south": {"uv": [0, 0, 2, 1], "texture": "#0"},
				"west": {"uv": [0, 0, 14, 1], "texture": "#0"},
				"up": {"uv": [1, 0, 3, 14], "texture": "#0"},
				"down": {"uv": [0, 0, 2, 14], "texture": "#0"}
			}
		},
		{
			"from": [5, 1, 3],
			"to": [11, 3, 13],
			"faces": {
				"north": {"uv": [5, 5, 11, 7], "texture": "#1"},
				"east": {"uv": [4, 4, 14, 6], "texture": "#1"},
				"south": {"uv": [1, 5, 7, 7], "texture": "#1"},
				"west": {"uv": [6, 4, 16, 6], "texture": "#1"},
				"up": {"uv": [8, 3, 14, 13], "texture": "#0"},
				"down": {"uv": [5, 4, 11, 14], "texture": "#0"}
			}
		},
		{
			"from": [12, 1, 5],
			"to": [13, 3, 11],
			"faces": {
				"north": {"uv": [4, 4, 5, 6], "texture": "#1"},
				"east": {"uv": [9, 5, 15, 7], "texture": "#1"},
				"south": {"uv": [3, 3, 4, 5], "texture": "#1"},
				"west": {"uv": [4, 4, 10, 6], "texture": "#1"},
				"up": {"uv": [7, 7, 8, 13], "texture": "#0"},
				"down": {"uv": [2, 3, 3, 9], "texture": "#0"}
			}
		},
		{
			"from": [3, 1, 5],
			"to": [4, 3, 11],
			"faces": {
				"north": {"uv": [11, 8, 12, 10], "texture": "#1"},
				"east": {"uv": [5, 5, 11, 7], "texture": "#1"},
				"south": {"uv": [6, 4, 7, 6], "texture": "#1"},
				"west": {"uv": [7, 7, 13, 9], "texture": "#1"},
				"up": {"uv": [9, 7, 10, 13], "texture": "#0"},
				"down": {"uv": [6, 6, 7, 12], "texture": "#0"}
			}
		},
		{
			"from": [4, 1, 4],
			"to": [5, 3, 12],
			"faces": {
				"north": {"uv": [10, 1, 11, 3], "texture": "#1"},
				"east": {"uv": [2, 5, 10, 7], "texture": "#1"},
				"south": {"uv": [3, 1, 4, 3], "texture": "#1"},
				"west": {"uv": [4, 4, 12, 6], "texture": "#1"},
				"up": {"uv": [6, 7, 7, 15], "texture": "#0"},
				"down": {"uv": [10, 4, 11, 12], "texture": "#0"}
			}
		},
		{
			"from": [11, 1, 4],
			"to": [12, 3, 12],
			"faces": {
				"north": {"uv": [9, 8, 10, 10], "texture": "#1"},
				"east": {"uv": [5, 3, 13, 5], "texture": "#1"},
				"south": {"uv": [10, 6, 11, 8], "texture": "#1"},
				"west": {"uv": [6, 4, 14, 6], "texture": "#1"},
				"up": {"uv": [7, 6, 8, 14], "texture": "#0"},
				"down": {"uv": [3, 2, 4, 10], "texture": "#0"}
			}
		},
		{
			"from": [12, 3, 5],
			"to": [13, 11, 11],
			"faces": {
				"north": {"uv": [14, 1, 15, 7], "texture": "#0"},
				"east": {"uv": [3, 1, 9, 7], "texture": "#0"},
				"south": {"uv": [1, 0, 2, 6], "texture": "#0"},
				"west": {"uv": [7, 1, 13, 7], "texture": "#0"},
				"up": {"uv": [8, 2, 9, 8], "texture": "#0"},
				"down": {"uv": [10, 4, 11, 10], "texture": "#0"}
			}
		},
		{
			"from": [11, 3, 4],
			"to": [12, 11, 12],
			"faces": {
				"north": {"uv": [4, 0, 5, 6], "texture": "#0"},
				"east": {"uv": [5, 0, 13, 6], "texture": "#0"},
				"south": {"uv": [2, 1, 3, 7], "texture": "#0"},
				"west": {"uv": [8, 1, 16, 7], "texture": "#0"},
				"up": {"uv": [7, 3, 8, 11], "texture": "#0"},
				"down": {"uv": [5, 6, 6, 14], "texture": "#0"}
			}
		},
		{
			"from": [5, 3, 3],
			"to": [11, 11, 13],
			"faces": {
				"north": {"uv": [1, 1, 7, 7], "texture": "#0"},
				"east": {"uv": [5, 1, 15, 7], "texture": "#0"},
				"south": {"uv": [3, 1, 9, 7], "texture": "#0"},
				"west": {"uv": [6, 1, 16, 7], "texture": "#0"},
				"up": {"uv": [4, 5, 10, 15], "texture": "#0"},
				"down": {"uv": [4, 4, 10, 14], "texture": "#0"}
			}
		},
		{
			"from": [3, 3, 5],
			"to": [4, 11, 11],
			"faces": {
				"north": {"uv": [7, 2, 8, 8], "texture": "#0"},
				"east": {"uv": [1, 1, 7, 7], "texture": "#0"},
				"south": {"uv": [5, 1, 6, 7], "texture": "#0"},
				"west": {"uv": [8, 0, 14, 6], "texture": "#0"},
				"up": {"uv": [14, 7, 15, 13], "texture": "#0"},
				"down": {"uv": [9, 6, 10, 12], "texture": "#0"}
			}
		},
		{
			"from": [11.75, 5.85, 5.1],
			"to": [13.75, 10.85, 10.9],
			"rotation": {"angle": -22.5, "axis": "z", "origin": [12.75, 7.85, 8]},
			"faces": {
				"north": {"uv": [14, 1, 16, 5], "texture": "#0"},
				"east": {"uv": [3, 1, 8.8, 6], "texture": "#0"},
				"south": {"uv": [1, 0, 2, 6], "texture": "#0"},
				"west": {"uv": [7, 1, 13, 7], "texture": "#0"},
				"up": {"uv": [8, 2, 10, 7.8], "texture": "#0"},
				"down": {"uv": [10, 4, 11, 10], "texture": "#0"}
			}
		},
		{
			"from": [2.25, 5.85, 5.1],
			"to": [4.25, 10.85, 10.9],
			"rotation": {"angle": 22.5, "axis": "z", "origin": [3.25, 7.85, 8]},
			"faces": {
				"north": {"uv": [7, 2, 9, 6], "texture": "#0"},
				"east": {"uv": [1, 1, 6.8, 6], "texture": "#0"},
				"south": {"uv": [5, 1, 6, 7], "texture": "#0"},
				"west": {"uv": [8, 0, 14, 6], "texture": "#0"},
				"up": {"uv": [14, 7, 16, 12.8], "texture": "#0"},
				"down": {"uv": [9, 6, 10, 12], "texture": "#0"}
			}
		},
		{
			"from": [5.1, 7.73807, 11.74198],
			"to": [10.9, 12.73807, 13.74198],
			"rotation": {"angle": 22.5, "axis": "x", "origin": [8, 8.77388, 8]},
			"faces": {
				"north": {"uv": [1, 1, 7, 7], "texture": "#0"},
				"east": {"uv": [5, 1, 7, 6], "texture": "#0"},
				"south": {"uv": [8, 0, 14, 6], "texture": "#0"},
				"west": {"uv": [7, 2, 9, 6], "texture": "#0"},
				"up": {"uv": [14, 7, 16, 12.8], "rotation": 270, "texture": "#0"},
				"down": {"uv": [9, 6, 10, 12], "rotation": 90, "texture": "#0"}
			}
		},
		{
			"from": [5.1, 7.73807, 2.25802],
			"to": [10.9, 12.73807, 4.25802],
			"rotation": {"angle": -22.5, "axis": "x", "origin": [8, 8.77388, 8]},
			"faces": {
				"north": {"uv": [3, 1, 9, 7], "texture": "#0"},
				"east": {"uv": [1, 0, 3, 5], "texture": "#0"},
				"south": {"uv": [7, 1, 13, 7], "texture": "#0"},
				"west": {"uv": [14, 1, 16, 5], "texture": "#0"},
				"up": {"uv": [8, 2, 10, 7.8], "rotation": 270, "texture": "#0"},
				"down": {"uv": [10, 4, 11, 10], "rotation": 90, "texture": "#0"}
			}
		},
		{
			"from": [4, 3, 4],
			"to": [5, 11, 12],
			"faces": {
				"north": {"uv": [6, 2, 7, 8], "texture": "#0"},
				"east": {"uv": [7, 1, 15, 7], "texture": "#0"},
				"south": {"uv": [2, 0, 3, 6], "texture": "#0"},
				"west": {"uv": [7, 1, 15, 7], "texture": "#0"},
				"up": {"uv": [5, 5, 6, 13], "texture": "#0"},
				"down": {"uv": [2, 3, 3, 11], "texture": "#0"}
			}
		}
	],
	"display": {
		"thirdperson_righthand": {
			"translation": [0, 3.75, 0],
			"scale": [0.5, 0.5, 0.5]
		},
		"thirdperson_lefthand": {
			"translation": [0, 3.75, 0],
			"scale": [0.5, 0.5, 0.5]
		},
		"firstperson_righthand": {
			"rotation": [-10, 0, 5],
			"translation": [-0.25, 6.5, 2],
			"scale": [0.5, 0.5, 0.5]
		},
		"firstperson_lefthand": {
			"rotation": [-10, 0, 5],
			"translation": [-0.25, 6.5, 2],
			"scale": [0.5, 0.5, 0.5]
		},
		"ground": {
			"translation": [0, 6, 0]
		},
		"gui": {
			"rotation": [15, 0, 15],
			"translation": [-1, 1.5, 0],
			"scale": [0.75, 0.75, 0.75]
		},
		"head": {
			"rotation": [2, 0, 0],
			"translation": [0, 16.5, 0.5],
			"scale": [1.3, 1.3, 1.3]
		}
	},
	"groups": [
		{
			"name": "Rim",
			"origin": [8, -2.5, 8],
			"color": 0,
			"children": [0, 1, 2, 3, 4, 5, 6, 7, 8]
		},
		9,
		10,
		11,
		12,
		13,
		14,
		15,
		16,
		17,
		18,
		19,
		20,
		21,
		22
	]
}