{
	"credit": "Made with Blockbench",
	"textures": {
		"0": "block/hat_textures/vikinghornhelm",
		"particle": "block/hat_textures/vikinghornhelm"
	},
	"elements": [
		{
			"from": [7, 1, 3],
			"to": [9, 4, 13],
			"rotation": {"angle": 0, "axis": "y", "origin": [0, 1, 3]},
			"faces": {
				"north": {"uv": [13, 13, 15, 16], "texture": "#0"},
				"east": {"uv": [11, 6, 14, 16], "rotation": 90, "texture": "#0"},
				"south": {"uv": [12, 8, 14, 11], "texture": "#0"},
				"west": {"uv": [10, 6, 13, 16], "rotation": 270, "texture": "#0"},
				"up": {"uv": [12, 6, 14, 16], "texture": "#0"},
				"down": {"uv": [14, 6, 16, 16], "texture": "#0"}
			}
		},
		{
			"from": [3, 0, 3],
			"to": [13, 1, 13],
			"rotation": {"angle": 0, "axis": "y", "origin": [3, 0, 3]},
			"faces": {
				"north": {"uv": [0, 13, 10, 14], "texture": "#0"},
				"east": {"uv": [0, 7, 10, 8], "texture": "#0"},
				"south": {"uv": [0, 10, 10, 11], "texture": "#0"},
				"west": {"uv": [0, 6, 10, 7], "texture": "#0"},
				"up": {"uv": [0, 6, 10, 16], "texture": "#0"},
				"down": {"uv": [0, 6, 10, 16], "texture": "#0"}
			}
		},
		{
			"from": [4, 1, 4],
			"to": [12, 2, 12],
			"rotation": {"angle": 0, "axis": "y", "origin": [3, 1, 3]},
			"faces": {
				"north": {"uv": [0, 12, 8, 13], "texture": "#0"},
				"east": {"uv": [0, 7, 8, 8], "texture": "#0"},
				"south": {"uv": [0, 10, 8, 11], "texture": "#0"},
				"west": {"uv": [0, 6, 8, 7], "texture": "#0"},
				"up": {"uv": [1, 7, 9, 15], "texture": "#0"},
				"down": {"uv": [1, 8, 9, 16], "texture": "#0"}
			}
		},
		{
			"from": [5.5, 2, 4],
			"to": [10.5, 3, 12],
			"rotation": {"angle": 0, "axis": "y", "origin": [2.5, 2, 3]},
			"faces": {
				"north": {"uv": [0, 15, 5, 16], "texture": "#0"},
				"east": {"uv": [6, 8, 7, 16], "rotation": 270, "texture": "#0"},
				"south": {"uv": [5, 7, 10, 8], "texture": "#0"},
				"west": {"uv": [1, 7, 2, 15], "rotation": 90, "texture": "#0"},
				"up": {"uv": [3, 8, 8, 16], "texture": "#0"},
				"down": {"uv": [2, 7, 7, 15], "texture": "#0"}
			}
		},
		{
			"from": [12, 1, 3],
			"to": [13, 3, 13],
			"rotation": {"angle": 0, "axis": "y", "origin": [4, 1, 3]},
			"faces": {
				"north": {"uv": [2, 13, 3, 15], "texture": "#0"},
				"east": {"uv": [0, 11, 10, 13], "texture": "#0"},
				"south": {"uv": [4, 8, 5, 10], "texture": "#0"},
				"west": {"uv": [0, 7, 10, 9], "texture": "#0"},
				"up": {"uv": [2, 6, 3, 16], "texture": "#0"},
				"down": {"uv": [5, 6, 6, 16], "texture": "#0"}
			}
		},
		{
			"from": [3, 1, 3],
			"to": [4, 3, 13],
			"rotation": {"angle": 0, "axis": "y", "origin": [-5, 1, 3]},
			"faces": {
				"north": {"uv": [4, 14, 5, 16], "texture": "#0"},
				"east": {"uv": [0, 11, 10, 13], "texture": "#0"},
				"south": {"uv": [6, 8, 7, 10], "texture": "#0"},
				"west": {"uv": [0, 7, 10, 9], "texture": "#0"},
				"up": {"uv": [3, 6, 4, 16], "texture": "#0"},
				"down": {"uv": [7, 6, 8, 16], "texture": "#0"}
			}
		},
		{
			"from": [2.5, 0, 6.5],
			"to": [3, 3, 10.5],
			"rotation": {"angle": 0, "axis": "y", "origin": [-6, 1, 2.5]},
			"faces": {
				"north": {"uv": [14, 13, 14.5, 16], "texture": "#0"},
				"east": {"uv": [12, 11, 16, 14], "texture": "#0"},
				"south": {"uv": [11, 12, 11.5, 15], "texture": "#0"},
				"west": {"uv": [12, 6, 16, 9], "texture": "#0"},
				"up": {"uv": [11, 7, 11.5, 11], "texture": "#0"},
				"down": {"uv": [14, 8, 14.5, 12], "texture": "#0"}
			}
		},
		{
			"from": [13, 0, 6.5],
			"to": [13.5, 3, 10.5],
			"rotation": {"angle": 0, "axis": "y", "origin": [4.5, 1, 2.5]},
			"faces": {
				"north": {"uv": [11, 13, 11.5, 16], "texture": "#0"},
				"east": {"uv": [12, 12, 16, 15], "texture": "#0"},
				"south": {"uv": [11, 9, 11.5, 12], "texture": "#0"},
				"west": {"uv": [11, 6, 15, 9], "texture": "#0"},
				"up": {"uv": [12, 8, 12.5, 12], "texture": "#0"},
				"down": {"uv": [15, 8, 15.5, 12], "texture": "#0"}
			}
		},
		{
			"from": [-0.5, 0.75, 7],
			"to": [3.5, 3.75, 10],
			"rotation": {"angle": -22.5, "axis": "z", "origin": [1.5, 2.25, 8.5]},
			"faces": {
				"north": {"uv": [13, 0, 16, 4], "rotation": 90, "texture": "#0"},
				"east": {"uv": [7, 0, 10, 3], "rotation": 270, "texture": "#0"},
				"south": {"uv": [10, 0, 13, 4], "rotation": 270, "texture": "#0"},
				"west": {"uv": [4, 0, 7, 3], "rotation": 270, "texture": "#0"},
				"up": {"uv": [10, 0, 13, 4], "rotation": 270, "texture": "#0"},
				"down": {"uv": [13, 0, 16, 4], "rotation": 270, "texture": "#0"}
			}
		},
		{
			"from": [12.5, 0.75, 7],
			"to": [16.5, 3.75, 10],
			"rotation": {"angle": 22.5, "axis": "z", "origin": [14.5, 2.25, 8.5]},
			"faces": {
				"north": {"uv": [13, 0, 16, 4], "rotation": 270, "texture": "#0"},
				"east": {"uv": [4, 0, 7, 3], "rotation": 270, "texture": "#0"},
				"south": {"uv": [10, 0, 13, 4], "rotation": 90, "texture": "#0"},
				"west": {"uv": [7, 0, 10, 3], "rotation": 270, "texture": "#0"},
				"up": {"uv": [10, 0, 13, 4], "rotation": 90, "texture": "#0"},
				"down": {"uv": [13, 0, 16, 4], "rotation": 90, "texture": "#0"}
			}
		},
		{
			"from": [15, 2.5, 7.25],
			"to": [19, 5, 9.75],
			"rotation": {"angle": 45, "axis": "z", "origin": [17, 4, 8.25]},
			"faces": {
				"north": {"uv": [13.25, 0, 15.75, 4], "rotation": 270, "texture": "#0"},
				"east": {"uv": [4.25, 0.25, 6.75, 2.75], "rotation": 270, "texture": "#0"},
				"south": {"uv": [10.25, 0, 12.75, 4], "rotation": 90, "texture": "#0"},
				"west": {"uv": [7.25, 0.25, 9.75, 2.75], "rotation": 270, "texture": "#0"},
				"up": {"uv": [13.25, 0, 15.75, 4], "rotation": 90, "texture": "#0"},
				"down": {"uv": [10.25, 0, 12.75, 4], "rotation": 90, "texture": "#0"}
			}
		},
		{
			"from": [-3, 2.5, 7.25],
			"to": [1, 5, 9.75],
			"rotation": {"angle": -45, "axis": "z", "origin": [-1, 4, 8.25]},
			"faces": {
				"north": {"uv": [13.25, 0, 15.75, 4], "rotation": 90, "texture": "#0"},
				"east": {"uv": [7.25, 0.25, 9.75, 2.75], "rotation": 270, "texture": "#0"},
				"south": {"uv": [10.25, 0, 12.75, 4], "rotation": 270, "texture": "#0"},
				"west": {"uv": [4.25, 0.25, 6.75, 2.75], "rotation": 270, "texture": "#0"},
				"up": {"uv": [13.25, 0, 15.75, 4], "rotation": 270, "texture": "#0"},
				"down": {"uv": [10.25, 0, 12.75, 4], "rotation": 270, "texture": "#0"}
			}
		},
		{
			"from": [17.85, 4.75, 7.5],
			"to": [20.35, 8.75, 9.5],
			"rotation": {"angle": -22.5, "axis": "z", "origin": [18.85, 6.75, 8.25]},
			"faces": {
				"north": {"uv": [13.25, 0, 15.75, 4], "texture": "#0"},
				"east": {"uv": [10.5, 0, 12.5, 4], "texture": "#0"},
				"south": {"uv": [10.25, 0, 12.75, 4], "texture": "#0"},
				"west": {"uv": [13.5, 0, 15.5, 4], "texture": "#0"},
				"up": {"uv": [4.25, 0, 6.75, 2], "rotation": 180, "texture": "#0"},
				"down": {"uv": [7.25, 0, 9.75, 2], "rotation": 180, "texture": "#0"}
			}
		},
		{
			"from": [-4.35, 4.75, 7.5],
			"to": [-1.85, 8.75, 9.5],
			"rotation": {"angle": 22.5, "axis": "z", "origin": [-2.85, 6.75, 8.25]},
			"faces": {
				"north": {"uv": [13.25, 0, 15.75, 4], "texture": "#0"},
				"east": {"uv": [13.5, 0, 15.5, 4], "texture": "#0"},
				"south": {"uv": [10.25, 0, 12.75, 4], "texture": "#0"},
				"west": {"uv": [10.5, 0, 12.5, 4], "texture": "#0"},
				"up": {"uv": [4.25, 0, 6.75, 2], "texture": "#0"},
				"down": {"uv": [7.25, 0, 9.75, 2], "texture": "#0"}
			}
		}
	],
	"display": {
		"thirdperson_righthand": {
			"rotation": [18.5, 0, 0],
			"translation": [0, 3.25, -0.75],
			"scale": [0.75, 0.75, 0.75]
		},
		"thirdperson_lefthand": {
			"rotation": [18.5, 0, 0],
			"translation": [0, 3.25, -0.75],
			"scale": [0.75, 0.75, 0.75]
		},
		"firstperson_righthand": {
			"rotation": [-15, 0, 8],
			"translation": [-1.25, 6.5, 1],
			"scale": [0.65, 0.65, 0.65]
		},
		"firstperson_lefthand": {
			"rotation": [-15, 0, 8],
			"translation": [-1.25, 6.5, 1],
			"scale": [0.65, 0.65, 0.65]
		},
		"ground": {
			"translation": [0, 7, 0]
		},
		"gui": {
			"rotation": [20, 15, 20],
			"translation": [-0.75, 1.5, 0],
			"scale": [0.8, 0.8, 0.8]
		},
		"head": {
			"translation": [0, 18, 0],
			"scale": [1.6, 1.6, 1.6]
		},
		"fixed": {
			"rotation": [-15, 0, 0],
			"translation": [0, 3.5, -2.75],
			"scale": [1.1, 1.1, 1.1]
		}
	},
	"groups": [
		{
			"name": "helmet",
			"origin": [8, 8, 8],
			"color": 0,
			"children": [0, 1, 2, 3, 4, 5, 6, 7]
		},
		{
			"name": "horns",
			"origin": [-2.85, 6.75, 8.25],
			"color": 0,
			"children": [8, 9, 10, 11, 12, 13]
		}
	]
}