{
	"credit": "Made with Blockbench",
	"textures": {
		"0": "block/hat_textures/wizardhat",
		"1": "block/hat_textures/wizardhatstarless",
		"particle": "block/hat_textures/wizardhat"
	},
	"elements": [
		{
			"from": [5, 1, 5],
			"to": [11, 4, 11],
			"faces": {
				"north": {"uv": [8, 7, 14, 10], "texture": "#0"},
				"east": {"uv": [6, 2, 12, 5], "texture": "#0"},
				"south": {"uv": [2, 6, 8, 9], "texture": "#0"},
				"west": {"uv": [7, 5, 13, 8], "texture": "#0"},
				"up": {"uv": [2, 8, 8, 14], "texture": "#1"},
				"down": {"uv": [8, 9, 14, 15], "texture": "#0"}
			}
		},
		{
			"from": [5.25, 4, 6],
			"to": [10.75, 7, 10.5],
			"faces": {
				"north": {"uv": [9.5, 10, 15, 13], "texture": "#0"},
				"east": {"uv": [1, 3, 5.5, 6], "texture": "#0"},
				"south": {"uv": [7, 1, 12.5, 4], "texture": "#0"},
				"west": {"uv": [2.5, 11, 7, 14], "texture": "#0"},
				"up": {"uv": [9, 4, 14.5, 8.5], "texture": "#1"},
				"down": {"uv": [2.5, 6, 8, 10.5], "texture": "#0"}
			}
		},
		{
			"from": [6.5, 6.5, 6.75],
			"to": [11, 9.5, 10.25],
			"faces": {
				"north": {"uv": [8, 10, 12.5, 13], "texture": "#0"},
				"east": {"uv": [7, 7, 10.5, 10], "texture": "#0"},
				"south": {"uv": [4.5, 2, 9, 5], "texture": "#0"},
				"west": {"uv": [3.5, 11, 7, 14], "texture": "#0"},
				"up": {"uv": [1, 5, 5.5, 8.5], "texture": "#1"},
				"down": {"uv": [9, 2, 13.5, 5.5], "texture": "#0"}
			}
		},
		{
			"from": [7.25, 9.5, 7.5],
			"to": [11.25, 11.5, 11],
			"faces": {
				"north": {"uv": [3, 11, 7, 13], "texture": "#0"},
				"east": {"uv": [8, 12, 11.5, 14], "texture": "#0"},
				"south": {"uv": [8, 3, 12, 5], "texture": "#0"},
				"west": {"uv": [1, 5, 4.5, 7], "texture": "#0"},
				"up": {"uv": [4, 8, 8, 11.5], "texture": "#1"},
				"down": {"uv": [11, 8, 15, 11.5], "texture": "#0"}
			}
		},
		{
			"from": [8.25, 11.5, 8.25],
			"to": [11.25, 13.5, 11.75],
			"faces": {
				"north": {"uv": [11, 12, 14, 14], "texture": "#0"},
				"east": {"uv": [3.5, 5, 7, 7], "texture": "#0"},
				"south": {"uv": [4, 10, 7, 12], "texture": "#0"},
				"west": {"uv": [2, 8, 5.5, 10], "texture": "#0"},
				"up": {"uv": [8, 0, 11, 3.5], "texture": "#0"},
				"down": {"uv": [7, 6, 10, 9.5], "texture": "#0"}
			}
		},
		{
			"from": [5, 0, 0],
			"to": [11, 1, 16],
			"faces": {
				"north": {"uv": [5, 5, 11, 6], "texture": "#1"},
				"east": {"uv": [0, 7, 16, 8], "texture": "#1"},
				"south": {"uv": [9, 10, 15, 11], "texture": "#1"},
				"west": {"uv": [0, 3, 16, 4], "texture": "#1"},
				"up": {"uv": [6, 0, 12, 16], "texture": "#1"},
				"down": {"uv": [1, 0, 7, 16], "texture": "#1"}
			}
		},
		{
			"from": [3, 0, 1],
			"to": [5, 1, 15],
			"faces": {
				"north": {"uv": [5, 7, 7, 8], "texture": "#1"},
				"east": {"uv": [1, 3, 15, 4], "texture": "#1"},
				"south": {"uv": [2, 3, 4, 4], "texture": "#1"},
				"west": {"uv": [2, 6, 16, 7], "texture": "#1"},
				"up": {"uv": [5, 1, 7, 15], "texture": "#1"},
				"down": {"uv": [9, 2, 11, 16], "texture": "#1"}
			}
		},
		{
			"from": [11, 0, 1],
			"to": [13, 1, 15],
			"faces": {
				"north": {"uv": [10, 8, 12, 9], "texture": "#1"},
				"east": {"uv": [1, 3, 15, 4], "texture": "#1"},
				"south": {"uv": [5, 8, 7, 9], "texture": "#1"},
				"west": {"uv": [2, 4, 16, 5], "texture": "#1"},
				"up": {"uv": [2, 1, 4, 15], "texture": "#1"},
				"down": {"uv": [9, 2, 11, 16], "texture": "#1"}
			}
		},
		{
			"from": [2, 0, 2],
			"to": [3, 1, 14],
			"faces": {
				"north": {"uv": [10, 10, 11, 11], "texture": "#1"},
				"east": {"uv": [2, 8, 14, 9], "texture": "#1"},
				"south": {"uv": [3, 4, 4, 5], "texture": "#1"},
				"west": {"uv": [3, 4, 15, 5], "texture": "#1"},
				"up": {"uv": [7, 4, 8, 16], "texture": "#1"},
				"down": {"uv": [4, 2, 5, 14], "texture": "#1"}
			}
		},
		{
			"from": [13, 0, 2],
			"to": [14, 1, 14],
			"faces": {
				"north": {"uv": [8, 8, 9, 9], "texture": "#1"},
				"east": {"uv": [2, 6, 14, 7], "texture": "#1"},
				"south": {"uv": [7, 6, 8, 7], "texture": "#1"},
				"west": {"uv": [2, 2, 14, 3], "texture": "#1"},
				"up": {"uv": [4, 2, 5, 14], "texture": "#1"},
				"down": {"uv": [11, 2, 12, 14], "texture": "#1"}
			}
		},
		{
			"from": [1, 0, 3],
			"to": [2, 1, 13],
			"faces": {
				"north": {"uv": [3, 7, 4, 8], "texture": "#1"},
				"east": {"uv": [4, 10, 14, 11], "texture": "#1"},
				"south": {"uv": [11, 7, 12, 8], "texture": "#1"},
				"west": {"uv": [5, 6, 15, 7], "texture": "#1"},
				"up": {"uv": [6, 4, 7, 14], "texture": "#1"},
				"down": {"uv": [4, 4, 5, 14], "texture": "#1"}
			}
		},
		{
			"from": [14, 0, 3],
			"to": [15, 1, 13],
			"faces": {
				"north": {"uv": [3, 7, 4, 8], "texture": "#1"},
				"east": {"uv": [3, 5, 13, 6], "texture": "#1"},
				"south": {"uv": [9, 9, 10, 10], "texture": "#1"},
				"west": {"uv": [2, 2, 12, 3], "texture": "#1"},
				"up": {"uv": [7, 4, 8, 14], "texture": "#1"},
				"down": {"uv": [4, 4, 5, 14], "texture": "#1"}
			}
		},
		{
			"from": [0, 0, 5],
			"to": [1, 1, 11],
			"faces": {
				"north": {"uv": [8, 9, 9, 10], "texture": "#1"},
				"east": {"uv": [3, 4, 9, 5], "texture": "#1"},
				"south": {"uv": [5, 7, 6, 8], "texture": "#1"},
				"west": {"uv": [5, 4, 11, 5], "texture": "#1"},
				"up": {"uv": [10, 7, 11, 13], "texture": "#1"},
				"down": {"uv": [3, 4, 4, 10], "texture": "#1"}
			}
		},
		{
			"from": [15, 0, 5],
			"to": [16, 1, 11],
			"faces": {
				"north": {"uv": [9, 9, 10, 10], "texture": "#1"},
				"east": {"uv": [6, 5, 12, 6], "texture": "#1"},
				"south": {"uv": [3, 7, 4, 8], "texture": "#1"},
				"west": {"uv": [8, 7, 14, 8], "texture": "#1"},
				"up": {"uv": [7, 6, 8, 12], "texture": "#1"},
				"down": {"uv": [4, 5, 5, 11], "texture": "#1"}
			}
		}
	],
	"display": {
		"thirdperson_righthand": {
			"rotation": [-5, -65, 0],
			"translation": [0, 4.75, 1.5],
			"scale": [0.65, 0.65, 0.65]
		},
		"thirdperson_lefthand": {
			"rotation": [-5, -65, 0],
			"translation": [0, 4.75, 1.5],
			"scale": [0.65, 0.65, 0.65]
		},
		"firstperson_righthand": {
			"rotation": [10, 75, 0],
			"translation": [1.75, 6.5, 0.75],
			"scale": [0.7, 0.7, 0.7]
		},
		"firstperson_lefthand": {
			"rotation": [10, 75, 0],
			"translation": [1.75, 6.5, 0.75],
			"scale": [0.7, 0.7, 0.7]
		},
		"ground": {
			"translation": [0, 10, 0],
			"scale": [1.5, 1.5, 1.5]
		},
		"gui": {
			"rotation": [15, 45, 15],
			"translation": [-1.25, 2, 0],
			"scale": [0.9, 0.9, 0.9]
		},
		"head": {
			"rotation": [5, 0, 0],
			"translation": [0, 18.5, 1.25],
			"scale": [1.65, 1.65, 1.65]
		},
		"fixed": {
			"translation": [0, 1.5, -1.25],
			"scale": [1.2, 1.2, 1.2]
		}
	},
	"groups": [
		0,
		1,
		2,
		3,
		4,
		{
			"name": "group",
			"origin": [0, 0, 0],
			"color": 0,
			"children": [5, 6, 7, 8, 9, 10, 11, 12, 13]
		}
	]
}