{
	"parent": "item/handheld",
	"textures": {
		"layer0": "item/carved_pumpkin"
	},
	"overrides": [
		{ "predicate": { "custom_model_data": 0 }, "model": "block/carved_pumpkin" },
		{ "predicate": { "custom_model_data": 1 }, "model": "hats/jif" },
		{ "predicate": { "custom_model_data": 2 }, "model": "hats/fez" },
		{ "predicate": { "custom_model_data": 3 }, "model": "hats/cowboyhat" },
		{ "predicate": { "custom_model_data": 4 }, "model": "hats/tophatblacksmall" },
		{ "predicate": { "custom_model_data": 5 }, "model": "hats/tophatblackmedium" },
		{ "predicate": { "custom_model_data": 6 }, "model": "hats/tophatblacklarge" },
		{ "predicate": { "custom_model_data": 7 }, "model": "hats/tophatredsmall" },
		{ "predicate": { "custom_model_data": 8 }, "model": "hats/tophatredlarge" },
		{ "predicate": { "custom_model_data": 9 }, "model": "hats/wizardhatstars" },
		{ "predicate": { "custom_model_data": 10 }, "model": "hats/wizardhatblack" },
		{ "predicate": { "custom_model_data": 11 }, "model": "hats/sleepingcatsia" },
		{ "predicate": { "custom_model_data": 12 }, "model": "hats/sleepingcatblack" },
		{ "predicate": { "custom_model_data": 13 }, "model": "hats/tophatblackmega" },
		{ "predicate": { "custom_model_data": 14 }, "model": "hats/jifonastick" },
		{ "predicate": { "custom_model_data": 15 }, "model": "hats/vikinghorns" },
		{ "predicate": { "custom_model_data": 16 }, "model": "hats/devilhorns" },
		{ "predicate": { "custom_model_data": 17 }, "model": "hats/crown" },
		{ "predicate": { "custom_model_data": 18 }, "model": "hats/fancycrown" },
		{ "predicate": { "custom_model_data": 19 }, "model": "hats/mtoad" },
		{ "predicate": { "custom_model_data": 20 }, "model": "hats/dkbongo" },
		{ "predicate": { "custom_model_data": 21 }, "model": "hats/blackcatears" },
		{ "predicate": { "custom_model_data": 22 }, "model": "hats/partyhat" },
		{ "predicate": { "custom_model_data": 23 }, "model": "hats/duckhat" },
		{ "predicate": { "custom_model_data": 24 }, "model": "hats/greenpartyhat" },
		{ "predicate": { "custom_model_data": 25 }, "model": "hats/santahat" },
		{ "predicate": { "custom_model_data": 26 }, "model": "hats/bluepartyhat" },
		{ "predicate": { "custom_model_data": 27 }, "model": "hats/sleepingsiacatshat" },
		{ "predicate": { "custom_model_data": 28 }, "model": "hats/horsemask" },
		{ "predicate": { "custom_model_data": 29 }, "model": "hats/whitetophat" },
		{ "predicate": { "custom_model_data": 30 }, "model": "hats/tinytophat" },
		{ "predicate": { "custom_model_data": 31 }, "model": "hats/spacehelmet" },
		{ "predicate": { "custom_model_data": 32 }, "model": "hats/spyglasses" },
		{ "predicate": { "custom_model_data": 33 }, "model": "hats/carvedmelon" },
		{ "predicate": { "custom_model_data": 34 }, "model": "hats/logospymask" },
		{ "predicate": { "custom_model_data": 35 }, "model": "hats/beanie" },
		{ "predicate": { "custom_model_data": 36 }, "model": "hats/diverhelmet" },
		{ "predicate": { "custom_model_data": 37 }, "model": "hats/anglehalo" },
		{ "predicate": { "custom_model_data": 38 }, "model": "hats/idkthename" },
		{ "predicate": { "custom_model_data": 39 }, "model": "hats/ghastlygibus" },
		{ "predicate": { "custom_model_data": 40 }, "model": "hats/hskkmask" },
		{ "predicate": { "custom_model_data": 41 }, "model": "hats/monocle" },
		{ "predicate": { "custom_model_data": 42 }, "model": "hats/buichead" },
		{ "predicate": { "custom_model_data": 43 }, "model": "hats/cigar" },
		{ "predicate": { "custom_model_data": 44 }, "model": "hats/minershelm" },
		{ "predicate": { "custom_model_data": 45 }, "model": "hats/prophat" },
		{ "predicate": { "custom_model_data": 46 }, "model": "hats/cardboardbox" },
		{ "predicate": { "custom_model_data": 47 }, "model": "hats/strawhat" },
		{ "predicate": { "custom_model_data": 48 }, "model": "hats/television" },
		{ "predicate": { "custom_model_data": 49 }, "model": "hats/swtelevision" },
		{ "predicate": { "custom_model_data": 50 }, "model": "hats/beemovietelevision" },
		{ "predicate": { "custom_model_data": 51 }, "model": "hats/chefhat" },
		{ "predicate": { "custom_model_data": 52 }, "model": "hats/remychefhat" }
		
	]
}