{
	"credit": "GreatCow",
	"texture_size": [32, 32],
	"textures": {
		"0": "gremcraft:item/ivotedflag",
		"particle": "gremcraft:item/ivotedflag"
	},
	"elements": [
		{
			"from": [7, 0, 7],
			"to": [9, 0.5, 9],
			"rotation": {"angle": 0, "axis": "y", "origin": [7, 0, 7]},
			"faces": {
				"north": {"uv": [14.5, 11, 16, 11.5], "texture": "#0"},
				"east": {"uv": [14.5, 11, 16, 11.5], "texture": "#0"},
				"south": {"uv": [14.5, 11, 16, 11.5], "texture": "#0"},
				"west": {"uv": [14.5, 11, 16, 11.5], "texture": "#0"},
				"up": {"uv": [14.5, 11, 16, 12.5], "texture": "#0"},
				"down": {"uv": [14.5, 11, 16, 12.5], "texture": "#0"}
			}
		},
		{
			"from": [7.75, 0.5, 7.75],
			"to": [8.25, 11.5, 8.25],
			"rotation": {"angle": 0, "axis": "y", "origin": [6.5, 0.5, 6.5]},
			"faces": {
				"north": {"uv": [15, 0, 16, 11], "texture": "#0"},
				"east": {"uv": [15, 0, 16, 11], "texture": "#0"},
				"south": {"uv": [15, 0, 16, 11], "texture": "#0"},
				"west": {"uv": [15, 0, 16, 11], "texture": "#0"},
				"up": {"uv": [0, 0, 0.25, 0.25], "texture": "#0"},
				"down": {"uv": [0, 0, 0.25, 0.25], "texture": "#0"}
			}
		},
		{
			"from": [7.7, 11.5, 7.7],
			"to": [8.3, 11.8, 8.3],
			"rotation": {"angle": 0, "axis": "y", "origin": [6.5, 11.5, 7.5]},
			"faces": {
				"north": {"uv": [16, 12.5, 15, 13], "texture": "#0"},
				"east": {"uv": [16, 13, 15, 13.5], "texture": "#0"},
				"south": {"uv": [15, 13, 16, 13.5], "texture": "#0"},
				"west": {"uv": [15, 12.5, 16, 13], "texture": "#0"},
				"up": {"uv": [15, 12.5, 16, 13.5], "texture": "#0"},
				"down": {"uv": [15, 12.5, 16, 13.5], "rotation": 270, "texture": "#0"}
			}
		},
		{
			"from": [8, 7, 5.75],
			"to": [8, 11, 7.75],
			"rotation": {"angle": 0, "axis": "y", "origin": [8, 8, 8]},
			"faces": {
				"north": {"uv": [13.5, 0.5, 13.5, 2.5], "texture": "#0"},
				"east": {"uv": [0.5, 0, 4.5, 8], "texture": "#0"},
				"south": {"uv": [13.5, 0.5, 13.5, 2.5], "texture": "#0"},
				"west": {"uv": [8, 8, 12, 16], "texture": "#0"},
				"up": {"uv": [13.5, 0.5, 13.5, 1.5], "texture": "#0"},
				"down": {"uv": [13.5, 0.5, 13.5, 1.5], "texture": "#0"}
			}
		},
		{
			"from": [8, 6.75, 3.75],
			"to": [8, 10.75, 5.75],
			"rotation": {"angle": 0, "axis": "y", "origin": [8, 8, 8]},
			"faces": {
				"north": {"uv": [13.5, 0.5, 13.5, 2.5], "texture": "#0"},
				"east": {"uv": [4.5, 0, 8.5, 8], "texture": "#0"},
				"south": {"uv": [13.5, 0.5, 13.5, 2.5], "texture": "#0"},
				"west": {"uv": [4, 8, 8, 16], "texture": "#0"},
				"up": {"uv": [13.5, 0.5, 13.5, 1.5], "texture": "#0"},
				"down": {"uv": [13.5, 0.5, 13.5, 1.5], "texture": "#0"}
			}
		},
		{
			"from": [8, 6.5, 1.75],
			"to": [8, 10.5, 3.75],
			"rotation": {"angle": 0, "axis": "y", "origin": [8, 8, 8]},
			"faces": {
				"north": {"uv": [13.5, 0.5, 13.5, 2.5], "texture": "#0"},
				"east": {"uv": [8.5, 0, 12.5, 8], "texture": "#0"},
				"south": {"uv": [13.5, 0.5, 13.5, 2.5], "texture": "#0"},
				"west": {"uv": [0, 8, 4, 16], "texture": "#0"},
				"up": {"uv": [13.5, 0.5, 13.5, 1.5], "texture": "#0"},
				"down": {"uv": [13.5, 0.5, 13.5, 1.5], "texture": "#0"}
			}
		}
	],
	"display": {
		"thirdperson_righthand": {
			"translation": [0, 4.25, 1.25]
		},
		"thirdperson_lefthand": {
			"translation": [0, 4.25, 1.25]
		},
		"firstperson_righthand": {
			"rotation": [-22, 0, 0],
			"translation": [2.25, 4.75, 1.5],
			"scale": [0.7, 0.7, 0.7]
		},
		"firstperson_lefthand": {
			"rotation": [-22, 0, 0],
			"translation": [2.25, 4.75, 1.5],
			"scale": [0.7, 0.7, 0.7]
		},
		"ground": {
			"translation": [0, 3, 0],
			"scale": [0.7, 0.7, 0.7]
		},
		"gui": {
			"rotation": [30, 225, 0],
			"translation": [-2, 2.25, 0],
			"scale": [1.2, 1.2, 1.2]
		},
		"head": {
			"rotation": [0, 180, 0],
			"translation": [0, 22, 0],
			"scale": [2, 2, 2]
		},
		"fixed": {
			"rotation": [-90, 0, 0],
			"translation": [0, 0, -15.75],
			"scale": [2, 2, 2]
		}
	}
}